file,w,h,maxAbsR,maxAbsG,maxAbsB,maxAbsA,mae_rgb,mae_a,rmse_rgb,pctPixelsDiff,pctPixelsDiff_1e3,ssim_luma,worstX,worstY,nonFiniteLeft,nonFiniteRight
audiovis/pixels/audiovis.bounds.much-larger_s0.5_t5.75_export_con.raw,128,72,0.65625,0.65625,0.65625,0.65625,0.00134087,0.00134087,0.025499,0.390625,0.390625,0.995724,24,34,0,0
audiovis/pixels/audiovis.bounds.much-larger_s0.5_t5.75_preview_con.raw,128,72,0.65625,0.65625,0.65625,0.65625,0.00134087,0.00134087,0.025499,0.390625,0.390625,0.995724,24,34,0,0
audiovis/pixels/audiovis.bounds.much-larger_s1_t5.75_export_con.raw,256,144,1,1,1,1,0.00134871,0.00134871,0.0302496,0.249566,0.249566,0.995352,48,68,0,0
audiovis/pixels/audiovis.bounds.much-larger_s1_t5.75_preview_con.raw,256,144,1,1,1,1,0.00134871,0.00134871,0.0302496,0.249566,0.249566,0.995352,48,68,0,0
audiovis/pixels/audiovis.bounds.much-larger_s2_t5.75_export_con.raw,512,288,1,1,1,1,0.00138717,0.00138717,0.0340796,0.189887,0.189887,0.995569,78,133,0,0
audiovis/pixels/audiovis.bounds.much-larger_s2_t5.75_preview_con.raw,512,288,1,1,1,1,0.00138717,0.00138717,0.0340796,0.189887,0.189887,0.995569,78,133,0,0
audiovis/pixels/audiovis.fx.chain.five_s0.5_t5.75_export_con.raw,128,72,0,0.0517578,0,0.0595703,4.19861E-05,0.000118282,0.000911869,1.69271,1.19358,0.999974,54,63,0,0
audiovis/pixels/audiovis.fx.chain.five_s0.5_t5.75_preview_con.raw,128,72,0,0.0517578,0,0.0595703,4.19861E-05,0.000118282,0.000911869,1.69271,1.19358,0.999974,54,63,0,0
audiovis/pixels/audiovis.fx.chain.five_s1_t5.75_export_con.raw,256,144,0,0.0872803,0,0.0761719,3.53552E-05,9.80165E-05,0.00102508,1.53537,0.952148,0.999944,111,128,0,0
audiovis/pixels/audiovis.fx.chain.five_s1_t5.75_preview_con.raw,256,144,0,0.0872803,0,0.0761719,3.53552E-05,9.80165E-05,0.00102508,1.53537,0.952148,0.999944,111,128,0,0
audiovis/pixels/audiovis.fx.chain.five_s2_t5.75_export_con.raw,512,288,0,0.0871582,0,0.0756836,3.35255E-05,9.26778E-05,0.000970636,1.53673,0.938585,0.999838,223,256,0,0
audiovis/pixels/audiovis.fx.chain.five_s2_t5.75_preview_con.raw,512,288,0,0.0871582,0,0.0756836,3.35255E-05,9.26778E-05,0.000970636,1.53673,0.938585,0.999838,223,256,0,0
audiovis/pixels/audiovis.fx.spec.blur6_s0.5_t5.75_export_con.raw,128,72,0.0065918,0.0065918,0.0065918,0.0065918,3.74532E-05,3.74532E-05,0.000345024,2.72352,1.00911,0.999999,54,63,0,0
audiovis/pixels/audiovis.fx.spec.blur6_s0.5_t5.75_preview_con.raw,128,72,0.0065918,0.0065918,0.0065918,0.0065918,3.74532E-05,3.74532E-05,0.000345024,2.72352,1.00911,0.999999,54,63,0,0
audiovis/pixels/audiovis.fx.spec.blur6_s1_t5.75_export_con.raw,256,144,0.0183105,0.0183105,0.0183105,0.0183105,0.000117066,0.000117066,0.00104231,2.9541,1.80393,0.999962,108,129,0,0
audiovis/pixels/audiovis.fx.spec.blur6_s1_t5.75_preview_con.raw,256,144,0.0183105,0.0183105,0.0183105,0.0183105,0.000117066,0.000117066,0.00104231,2.9541,1.80393,0.999962,108,129,0,0
audiovis/pixels/audiovis.fx.spec.blur6_s2_t5.75_export_con.raw,512,288,0.0158691,0.0158691,0.0158691,0.0158691,0.000100768,0.000100768,0.000901008,2.85916,1.73882,0.999973,215,260,0,0
audiovis/pixels/audiovis.fx.spec.blur6_s2_t5.75_preview_con.raw,512,288,0.0158691,0.0158691,0.0158691,0.0158691,0.000100768,0.000100768,0.000901008,2.85916,1.73882,0.999973,215,260,0,0
audiovis/pixels/audiovis.fx.spec.dropshadow_s0.5_t5.75_export_con.raw,128,72,0.498047,0.498047,0.398926,0.0390625,0.000106434,7.97775E-05,0.0059718,1.50825,0.93316,0.999847,53,65,0,0
audiovis/pixels/audiovis.fx.spec.dropshadow_s0.5_t5.75_preview_con.raw,128,72,0.498047,0.498047,0.398926,0.0390625,0.000106434,7.97775E-05,0.0059718,1.50825,0.93316,0.999847,53,65,0,0
audiovis/pixels/audiovis.fx.spec.dropshadow_s1_t5.75_export_con.raw,256,144,0.501953,0.501953,0.407959,0.0654297,9.26996E-05,6.44384E-05,0.00645564,1.26682,0.832791,0.999791,105,129,0,0
audiovis/pixels/audiovis.fx.spec.dropshadow_s1_t5.75_preview_con.raw,256,144,0.501953,0.501953,0.407959,0.0654297,9.26996E-05,6.44384E-05,0.00645564,1.26682,0.832791,0.999791,105,129,0,0
audiovis/pixels/audiovis.fx.spec.dropshadow_s2_t5.75_export_con.raw,512,288,1,1,0.796997,0.0961914,9.31818E-05,6.52545E-05,0.00739354,1.41602,0.809733,0.99985,210,259,0,0
audiovis/pixels/audiovis.fx.spec.dropshadow_s2_t5.75_preview_con.raw,512,288,1,1,0.796997,0.0961914,9.31818E-05,6.52545E-05,0.00739354,1.41602,0.809733,0.99985,210,259,0,0
audiovis/pixels/audiovis.group.blurred_s0.5_t5.75_export_con.raw,128,72,0.00482178,0.00482178,0.00482178,0.00482178,1.83586E-05,1.83586E-05,0.000213946,2.11589,0.607639,0.999985,53,56,0,0
audiovis/pixels/audiovis.group.blurred_s0.5_t5.75_preview_con.raw,128,72,0.00482178,0.00482178,0.00482178,0.00482178,1.83586E-05,1.83586E-05,0.000213946,2.11589,0.607639,0.999985,53,56,0,0
audiovis/pixels/audiovis.group.blurred_s1_t5.75_export_con.raw,256,144,0.0117188,0.0117188,0.0117188,0.0117188,3.38679E-05,3.38679E-05,0.000448044,1.89887,0.71072,0.999968,108,111,0,0
audiovis/pixels/audiovis.group.blurred_s1_t5.75_preview_con.raw,256,144,0.0117188,0.0117188,0.0117188,0.0117188,3.38679E-05,3.38679E-05,0.000448044,1.89887,0.71072,0.999968,108,111,0,0
audiovis/pixels/audiovis.group.blurred_s2_t5.75_export_con.raw,512,288,0.0065918,0.0065918,0.0065918,0.0065918,1.80662E-05,1.80662E-05,0.000237798,2.00467,0.479465,0.999986,214,224,0,0
audiovis/pixels/audiovis.group.blurred_s2_t5.75_preview_con.raw,512,288,0.0065918,0.0065918,0.0065918,0.0065918,1.80662E-05,1.80662E-05,0.000237798,2.00467,0.479465,0.999986,214,224,0,0
audiovis/pixels/audiovis.group.nested-group_s0.5_t5.75_delivery_coff.raw,128,72,0.00219727,0.00195312,0.00195312,0,1.19309E-05,0,0.000101655,3.48307,0.282118,1,43,19,0,0
audiovis/pixels/audiovis.group.nested-group_s0.5_t5.75_export_coff.raw,128,72,0.00219727,0.00195312,0.00195312,0,1.19309E-05,0,0.000101655,3.48307,0.282118,1,43,19,0,0
audiovis/pixels/audiovis.group.nested-group_s0.5_t5.75_export_con.raw,128,72,0.0126953,0.012207,0.0112305,0,1.78207E-05,0,0.000241434,3.61328,0.390625,0.999999,57,35,0,0
audiovis/pixels/audiovis.group.nested-group_s0.5_t5.75_preview_coff.raw,128,72,0.00219727,0.00195312,0.00195312,0,1.19309E-05,0,0.000101655,3.48307,0.282118,1,43,19,0,0
audiovis/pixels/audiovis.group.nested-group_s0.5_t5.75_preview_con.raw,128,72,0.0126953,0.012207,0.0112305,0,1.78207E-05,0,0.000241434,3.61328,0.390625,0.999999,57,35,0,0
audiovis/pixels/audiovis.group.nested-group_s1_t5.75_delivery_coff.raw,256,144,0.00244141,0.00244141,0.00244141,0,5.74936E-06,0,7.29441E-05,2.19998,0.149197,1,77,46,0,0
audiovis/pixels/audiovis.group.nested-group_s1_t5.75_export_coff.raw,256,144,0.00244141,0.00244141,0.00244141,0,5.74936E-06,0,7.29441E-05,2.19998,0.149197,1,77,46,0,0
audiovis/pixels/audiovis.group.nested-group_s1_t5.75_export_con.raw,256,144,0.00244141,0.00244141,0.00244141,0,6.31671E-06,0,7.72676E-05,2.26237,0.173611,1,77,46,0,0
audiovis/pixels/audiovis.group.nested-group_s1_t5.75_preview_coff.raw,256,144,0.00244141,0.00244141,0.00244141,0,5.74936E-06,0,7.29441E-05,2.19998,0.149197,1,77,46,0,0
audiovis/pixels/audiovis.group.nested-group_s1_t5.75_preview_con.raw,256,144,0.00244141,0.00244141,0.00244141,0,6.31671E-06,0,7.72676E-05,2.26237,0.173611,1,77,46,0,0
audiovis/pixels/audiovis.group.nested-group_s2_t5.75_delivery_coff.raw,512,288,0.00268555,0.00268555,0.00244141,0,5.6612E-06,0,7.53911E-05,1.69135,0.178358,1,182,78,0,0
audiovis/pixels/audiovis.group.nested-group_s2_t5.75_export_coff.raw,512,288,0.00268555,0.00268555,0.00244141,0,5.6612E-06,0,7.53911E-05,1.69135,0.178358,1,182,78,0,0
audiovis/pixels/audiovis.group.nested-group_s2_t5.75_export_con.raw,512,288,0.110107,0.105225,0.0947266,0,1.31063E-05,0,0.000705567,1.70966,0.197347,0.999954,231,133,0,0
audiovis/pixels/audiovis.group.nested-group_s2_t5.75_preview_coff.raw,512,288,0.00268555,0.00268555,0.00244141,0,5.6612E-06,0,7.53911E-05,1.69135,0.178358,1,182,78,0,0
audiovis/pixels/audiovis.group.nested-group_s2_t5.75_preview_con.raw,512,288,0.110107,0.105225,0.0947266,0,1.31063E-05,0,0.000705567,1.70966,0.197347,0.999954,231,133,0,0
audiovis/pixels/audiovis.group.plain_s0.5_t5.75_export_con.raw,128,72,0.116211,0.116211,0.116211,0.116211,2.51664E-05,2.51664E-05,0.00134031,0.0868056,0.0868056,0.999996,55,52,0,0
audiovis/pixels/audiovis.group.plain_s0.5_t5.75_preview_con.raw,128,72,0.116211,0.116211,0.116211,0.116211,2.51664E-05,2.51664E-05,0.00134031,0.0868056,0.0868056,0.999996,55,52,0,0
audiovis/pixels/audiovis.group.plain_s1_t5.75_export_con.raw,256,144,0.460449,0.460449,0.460449,0.460449,3.12063E-05,3.12063E-05,0.00332409,0.0135634,0.0135634,0.999968,110,105,0,0
audiovis/pixels/audiovis.group.plain_s1_t5.75_preview_con.raw,256,144,0.460449,0.460449,0.460449,0.460449,3.12063E-05,3.12063E-05,0.00332409,0.0135634,0.0135634,0.999968,110,105,0,0
audiovis/pixels/audiovis.group.plain_s2_t5.75_export_con.raw,512,288,0.539062,0.539062,0.539062,0.539062,2.67327E-05,2.67327E-05,0.0034015,0.00813802,0.00813802,0.999973,223,211,0,0
audiovis/pixels/audiovis.group.plain_s2_t5.75_preview_con.raw,512,288,0.539062,0.539062,0.539062,0.539062,2.67327E-05,2.67327E-05,0.0034015,0.00813802,0.00813802,0.999973,223,211,0,0
audiovis/pixels/audiovis.layer.three-stacked_s0.5_t5.75_export_con.raw,128,72,0.130615,0.130615,0.130615,0.130615,4.11405E-05,4.11405E-05,0.00228265,0.0325521,0.0325521,0.99995,52,59,0,0
audiovis/pixels/audiovis.layer.three-stacked_s0.5_t5.75_preview_con.raw,128,72,0.130615,0.130615,0.130615,0.130615,4.11405E-05,4.11405E-05,0.00228265,0.0325521,0.0325521,0.99995,52,59,0,0
audiovis/pixels/audiovis.layer.three-stacked_s1_t5.75_export_con.raw,256,144,0.351562,0.351562,0.351562,0.351562,3.72264E-05,3.72264E-05,0.00293136,0.0189887,0.0189887,0.999702,106,120,0,0
audiovis/pixels/audiovis.layer.three-stacked_s1_t5.75_preview_con.raw,256,144,0.351562,0.351562,0.351562,0.351562,3.72264E-05,3.72264E-05,0.00293136,0.0189887,0.0189887,0.999702,106,120,0,0
audiovis/pixels/audiovis.layer.three-stacked_s2_t5.75_export_con.raw,512,288,0.551758,0.551758,0.551758,0.551758,4.12017E-05,4.12017E-05,0.00365371,0.0278049,0.0278049,0.999788,211,240,0,0
audiovis/pixels/audiovis.layer.three-stacked_s2_t5.75_preview_con.raw,512,288,0.551758,0.551758,0.551758,0.551758,4.12017E-05,4.12017E-05,0.00365371,0.0278049,0.0278049,0.999788,211,240,0,0
audiovis/pixels/audiovis.source.shared-three-views_s0.5_t5.75_export_con.raw,128,72,0.050293,0.050293,0.050293,0.050293,8.2122E-06,8.2122E-06,0.00055854,0.0325521,0.0325521,0.999999,53,71,0,0
audiovis/pixels/audiovis.source.shared-three-views_s0.5_t5.75_preview_con.raw,128,72,0.050293,0.050293,0.050293,0.050293,8.2122E-06,8.2122E-06,0.00055854,0.0325521,0.0325521,0.999999,53,71,0,0
audiovis/pixels/audiovis.source.shared-three-views_s1_t5.75_export_con.raw,256,144,0.359375,0.359375,0.359375,0.359375,2.74181E-05,2.74181E-05,0.0027905,0.0135634,0.0135634,0.999971,106,142,0,0
audiovis/pixels/audiovis.source.shared-three-views_s1_t5.75_preview_con.raw,256,144,0.359375,0.359375,0.359375,0.359375,2.74181E-05,2.74181E-05,0.0027905,0.0135634,0.0135634,0.999971,106,142,0,0
audiovis/pixels/audiovis.source.shared-three-views_s2_t5.75_export_con.raw,512,288,0.655762,0.655762,0.655762,0.655762,2.08418E-05,2.08418E-05,0.00327285,0.00542535,0.00542535,0.999974,212,285,0,0
audiovis/pixels/audiovis.source.shared-three-views_s2_t5.75_preview_con.raw,512,288,0.655762,0.655762,0.655762,0.655762,2.08418E-05,2.08418E-05,0.00327285,0.00542535,0.00542535,0.999974,212,285,0,0
audiovis/pixels/audiovis.source.sound-speed-200_s0.5_t5.75_export_con.raw,128,72,0.171875,0.171875,0.171875,0.171875,0.000110861,0.000110861,0.0030931,0.217014,0.217014,0.999943,39,64,0,0
audiovis/pixels/audiovis.source.sound-speed-200_s0.5_t5.75_preview_con.raw,128,72,0.171875,0.171875,0.171875,0.171875,0.000110861,0.000110861,0.0030931,0.217014,0.217014,0.999943,39,64,0,0
audiovis/pixels/audiovis.source.sound-speed-200_s1_t5.75_export_con.raw,256,144,0.711426,0.711426,0.711426,0.711426,0.000116514,0.000116514,0.00722943,0.0434028,0.0434028,0.999747,77,130,0,0
audiovis/pixels/audiovis.source.sound-speed-200_s1_t5.75_preview_con.raw,256,144,0.711426,0.711426,0.711426,0.711426,0.000116514,0.000116514,0.00722943,0.0434028,0.0434028,0.999747,77,130,0,0
audiovis/pixels/audiovis.source.sound-speed-200_s2_t5.75_export_con.raw,512,288,0.994141,0.994141,0.994141,0.994141,9.98742E-05,9.98742E-05,0.00844658,0.0203451,0.0203451,0.999824,155,261,0,0
audiovis/pixels/audiovis.source.sound-speed-200_s2_t5.75_preview_con.raw,512,288,0.994141,0.994141,0.994141,0.994141,9.98742E-05,9.98742E-05,0.00844658,0.0203451,0.0203451,0.999824,155,261,0,0
audiovis/pixels/audiovis.spec.barcount.128_s0.5_t5.75_export_con.raw,128,72,0.359375,0.359375,0.359375,0.359375,0.000122567,0.000122567,0.00466003,0.119358,0.119358,0.999927,53,64,0,0
audiovis/pixels/audiovis.spec.barcount.128_s0.5_t5.75_preview_con.raw,128,72,0.359375,0.359375,0.359375,0.359375,0.000122567,0.000122567,0.00466003,0.119358,0.119358,0.999927,53,64,0,0
audiovis/pixels/audiovis.spec.barcount.128_s1_t5.75_export_con.raw,256,144,0.710938,0.710938,0.710938,0.710938,0.000102202,0.000102202,0.00685896,0.0271267,0.0271267,0.999849,108,130,0,0
audiovis/pixels/audiovis.spec.barcount.128_s1_t5.75_preview_con.raw,256,144,0.710938,0.710938,0.710938,0.710938,0.000102202,0.000102202,0.00685896,0.0271267,0.0271267,0.999849,108,130,0,0
audiovis/pixels/audiovis.spec.barcount.128_s2_t5.75_export_con.raw,512,288,1,1,1,1,9.64006E-05,9.64006E-05,0.00797046,0.0169542,0.0169542,0.999826,216,260,0,0
audiovis/pixels/audiovis.spec.barcount.128_s2_t5.75_preview_con.raw,512,288,1,1,1,1,9.64006E-05,9.64006E-05,0.00797046,0.0169542,0.0169542,0.999826,216,260,0,0
audiovis/pixels/audiovis.spec.barcount.32_s0.5_t5.75_export_con.raw,128,72,0.130371,0.130371,0.130371,0.130371,4.83195E-05,4.83195E-05,0.0023666,0.0868056,0.0868056,0.999962,53,65,0,0
audiovis/pixels/audiovis.spec.barcount.32_s0.5_t5.75_preview_con.raw,128,72,0.130371,0.130371,0.130371,0.130371,4.83195E-05,4.83195E-05,0.0023666,0.0868056,0.0868056,0.999962,53,65,0,0
audiovis/pixels/audiovis.spec.barcount.32_s1_t5.75_export_con.raw,256,144,0.242188,0.242188,0.242188,0.242188,4.59883E-05,4.59883E-05,0.00333733,0.0189887,0.0189887,0.999927,106,130,0,0
audiovis/pixels/audiovis.spec.barcount.32_s1_t5.75_preview_con.raw,256,144,0.242188,0.242188,0.242188,0.242188,4.59883E-05,4.59883E-05,0.00333733,0.0189887,0.0189887,0.999927,106,130,0,0
audiovis/pixels/audiovis.spec.barcount.32_s2_t5.75_export_con.raw,512,288,0.488281,0.488281,0.488281,0.488281,4.30478E-05,4.30478E-05,0.0045847,0.00881619,0.00881619,0.999933,212,261,0,0
audiovis/pixels/audiovis.spec.barcount.32_s2_t5.75_preview_con.raw,512,288,0.488281,0.488281,0.488281,0.488281,4.30478E-05,4.30478E-05,0.0045847,0.00881619,0.00881619,0.999933,212,261,0,0
audiovis/pixels/audiovis.spec.barcount.4096_s0.5_t5.75_export_con.raw,128,72,0.459473,0.459473,0.459473,0.459473,0.000133375,0.000133375,0.00681354,0.0868056,0.0759549,0.999868,54,64,0,0
audiovis/pixels/audiovis.spec.barcount.4096_s0.5_t5.75_preview_con.raw,128,72,0.459473,0.459473,0.459473,0.459473,0.000133375,0.000133375,0.00681354,0.0868056,0.0759549,0.999868,54,64,0,0
audiovis/pixels/audiovis.spec.barcount.4096_s1_t5.75_export_con.raw,256,144,0.87207,0.87207,0.87207,0.87207,9.20693E-05,9.20693E-05,0.0073549,0.0217014,0.0217014,0.999861,110,130,0,0
audiovis/pixels/audiovis.spec.barcount.4096_s1_t5.75_preview_con.raw,256,144,0.87207,0.87207,0.87207,0.87207,9.20693E-05,9.20693E-05,0.0073549,0.0217014,0.0217014,0.999861,110,130,0,0
audiovis/pixels/audiovis.spec.barcount.4096_s2_t5.75_export_con.raw,512,288,0.997559,0.997559,0.997559,0.997559,8.56519E-05,8.56519E-05,0.00803559,0.016276,0.016276,0.999807,220,261,0,0
audiovis/pixels/audiovis.spec.barcount.4096_s2_t5.75_preview_con.raw,512,288,0.997559,0.997559,0.997559,0.997559,8.56519E-05,8.56519E-05,0.00803559,0.016276,0.016276,0.999807,220,261,0,0
audiovis/pixels/audiovis.spec.barcount.512_s0.5_t5.75_export_con.raw,128,72,0.459473,0.459473,0.459473,0.459473,0.000133375,0.000133375,0.00681354,0.0868056,0.0759549,0.999868,54,64,0,0
audiovis/pixels/audiovis.spec.barcount.512_s0.5_t5.75_preview_con.raw,128,72,0.459473,0.459473,0.459473,0.459473,0.000133375,0.000133375,0.00681354,0.0868056,0.0759549,0.999868,54,64,0,0
audiovis/pixels/audiovis.spec.barcount.512_s1_t5.75_export_con.raw,256,144,0.87207,0.87207,0.87207,0.87207,9.20693E-05,9.20693E-05,0.0073549,0.0217014,0.0217014,0.999861,110,130,0,0
audiovis/pixels/audiovis.spec.barcount.512_s1_t5.75_preview_con.raw,256,144,0.87207,0.87207,0.87207,0.87207,9.20693E-05,9.20693E-05,0.0073549,0.0217014,0.0217014,0.999861,110,130,0,0
audiovis/pixels/audiovis.spec.barcount.512_s2_t5.75_export_con.raw,512,288,0.997559,0.997559,0.997559,0.997559,8.56519E-05,8.56519E-05,0.00803559,0.016276,0.016276,0.999807,220,261,0,0
audiovis/pixels/audiovis.spec.barcount.512_s2_t5.75_preview_con.raw,512,288,0.997559,0.997559,0.997559,0.997559,8.56519E-05,8.56519E-05,0.00803559,0.016276,0.016276,0.999807,220,261,0,0
audiovis/pixels/audiovis.spec.density-ladder_s0.75_t5.75_export_con.raw,192,108,0.625,0.625,0.625,0.625,5.74088E-05,5.74088E-05,0.00556297,0.0289352,0.0289352,0.999608,80,97,0,0
audiovis/pixels/audiovis.spec.density-ladder_s0.75_t5.75_preview_con.raw,192,108,0.625,0.625,0.625,0.625,5.74088E-05,5.74088E-05,0.00556297,0.0289352,0.0289352,0.999608,80,97,0,0
audiovis/pixels/audiovis.spec.density-ladder_s1.5_t5.75_export_con.raw,384,216,1,1,1,1,3.8147E-05,3.8147E-05,0.00523711,0.00964506,0.00964506,0.999873,159,195,0,0
audiovis/pixels/audiovis.spec.density-ladder_s1.5_t5.75_preview_con.raw,384,216,1,1,1,1,3.8147E-05,3.8147E-05,0.00523711,0.00964506,0.00964506,0.999873,159,195,0,0
audiovis/pixels/audiovis.spec.density-ladder_s3_t5.75_export_con.raw,768,432,1,1,1,1,3.66399E-05,3.66399E-05,0.00547963,0.00572676,0.00572676,0.999777,318,390,0,0
audiovis/pixels/audiovis.spec.density-ladder_s3_t5.75_preview_con.raw,768,432,1,1,1,1,3.66399E-05,3.66399E-05,0.00547963,0.00572676,0.00572676,0.999777,318,390,0,0
audiovis/pixels/audiovis.spec.fft.100-nonpow2_s0.5_t5.75_export_con.raw,128,72,0.981445,0.981445,0.981445,0.981445,0.00574527,0.00574527,0.0593335,1.5408,1.5408,0.971057,118,54,0,0
audiovis/pixels/audiovis.spec.fft.100-nonpow2_s0.5_t5.75_preview_con.raw,128,72,0.981445,0.981445,0.981445,0.981445,0.00574527,0.00574527,0.0593335,1.5408,1.5408,0.971057,118,54,0,0
audiovis/pixels/audiovis.spec.fft.100-nonpow2_s1_t5.75_export_con.raw,256,144,1,1,1,1,0.00587138,0.00587138,0.0681298,1.01183,1.01183,0.971166,115,72,0,0
audiovis/pixels/audiovis.spec.fft.100-nonpow2_s1_t5.75_preview_con.raw,256,144,1,1,1,1,0.00587138,0.00587138,0.0681298,1.01183,1.01183,0.971166,115,72,0,0
audiovis/pixels/audiovis.spec.fft.100-nonpow2_s2_t5.75_export_con.raw,512,288,1,1,1,1,0.00583599,0.00583599,0.0714251,0.809055,0.809055,0.980026,101,112,0,0
audiovis/pixels/audiovis.spec.fft.100-nonpow2_s2_t5.75_preview_con.raw,512,288,1,1,1,1,0.00583599,0.00583599,0.0714251,0.809055,0.809055,0.980026,101,112,0,0
audiovis/pixels/audiovis.spec.fft.1024_s0.5_t5.75_export_con.raw,128,72,0.359375,0.359375,0.359375,0.359375,0.000122567,0.000122567,0.00466003,0.119358,0.119358,0.999927,53,64,0,0
audiovis/pixels/audiovis.spec.fft.1024_s0.5_t5.75_preview_con.raw,128,72,0.359375,0.359375,0.359375,0.359375,0.000122567,0.000122567,0.00466003,0.119358,0.119358,0.999927,53,64,0,0
audiovis/pixels/audiovis.spec.fft.1024_s1_t5.75_export_con.raw,256,144,0.710938,0.710938,0.710938,0.710938,0.000102202,0.000102202,0.00685896,0.0271267,0.0271267,0.999849,108,130,0,0
audiovis/pixels/audiovis.spec.fft.1024_s1_t5.75_preview_con.raw,256,144,0.710938,0.710938,0.710938,0.710938,0.000102202,0.000102202,0.00685896,0.0271267,0.0271267,0.999849,108,130,0,0
audiovis/pixels/audiovis.spec.fft.1024_s2_t5.75_export_con.raw,512,288,1,1,1,1,9.64006E-05,9.64006E-05,0.00797046,0.0169542,0.0169542,0.999826,216,260,0,0
audiovis/pixels/audiovis.spec.fft.1024_s2_t5.75_preview_con.raw,512,288,1,1,1,1,9.64006E-05,9.64006E-05,0.00797046,0.0169542,0.0169542,0.999826,216,260,0,0
audiovis/pixels/audiovis.spec.fft.128_s0.5_t5.75_export_con.raw,128,72,0.981445,0.981445,0.981445,0.981445,0.00574527,0.00574527,0.0593335,1.5408,1.5408,0.971057,118,54,0,0
audiovis/pixels/audiovis.spec.fft.128_s0.5_t5.75_preview_con.raw,128,72,0.981445,0.981445,0.981445,0.981445,0.00574527,0.00574527,0.0593335,1.5408,1.5408,0.971057,118,54,0,0
audiovis/pixels/audiovis.spec.fft.128_s1_t5.75_export_con.raw,256,144,1,1,1,1,0.00587138,0.00587138,0.0681298,1.01183,1.01183,0.971166,115,72,0,0
audiovis/pixels/audiovis.spec.fft.128_s1_t5.75_preview_con.raw,256,144,1,1,1,1,0.00587138,0.00587138,0.0681298,1.01183,1.01183,0.971166,115,72,0,0
audiovis/pixels/audiovis.spec.fft.128_s2_t5.75_export_con.raw,512,288,1,1,1,1,0.00583599,0.00583599,0.0714251,0.809055,0.809055,0.980026,101,112,0,0
audiovis/pixels/audiovis.spec.fft.128_s2_t5.75_preview_con.raw,512,288,1,1,1,1,0.00583599,0.00583599,0.0714251,0.809055,0.809055,0.980026,101,112,0,0
audiovis/pixels/audiovis.spec.fft.256_s0.5_t5.75_export_con.raw,128,72,0.993652,0.993652,0.993652,0.993652,0.00509318,0.00509318,0.057574,1.30208,1.30208,0.958071,72,48,0,0
audiovis/pixels/audiovis.spec.fft.256_s0.5_t5.75_preview_con.raw,128,72,0.993652,0.993652,0.993652,0.993652,0.00509318,0.00509318,0.057574,1.30208,1.30208,0.958071,72,48,0,0
audiovis/pixels/audiovis.spec.fft.256_s1_t5.75_export_con.raw,256,144,1,1,1,1,0.00517492,0.00517492,0.0640696,0.895182,0.887044,0.97192,80,80,0,0
audiovis/pixels/audiovis.spec.fft.256_s1_t5.75_preview_con.raw,256,144,1,1,1,1,0.00517492,0.00517492,0.0640696,0.895182,0.887044,0.97192,80,80,0,0
audiovis/pixels/audiovis.spec.fft.256_s2_t5.75_export_con.raw,512,288,1,1,1,1,0.00512359,0.00512359,0.0673983,0.705973,0.705295,0.981761,159,160,0,0
audiovis/pixels/audiovis.spec.fft.256_s2_t5.75_preview_con.raw,512,288,1,1,1,1,0.00512359,0.00512359,0.0673983,0.705973,0.705295,0.981761,159,160,0,0
audiovis/pixels/audiovis.spec.fill.brush-opacity-40_s0.5_t5.75_export_con.raw,128,72,0.199219,0.0118561,0,0.199219,1.5325E-05,4.33922E-05,0.00147359,0.0325521,0.0325521,0.999879,53,65,0,0
audiovis/pixels/audiovis.spec.fill.brush-opacity-40_s0.5_t5.75_preview_con.raw,128,72,0.199219,0.0118561,0,0.199219,1.5325E-05,4.33922E-05,0.00147359,0.0325521,0.0325521,0.999879,53,65,0,0
audiovis/pixels/audiovis.spec.fill.brush-opacity-40_s1_t5.75_export_con.raw,256,144,0.200684,0.0119476,0,0.200684,1.34023E-05,3.79483E-05,0.00159278,0.0189887,0.0189887,0.999831,105,129,0,0
audiovis/pixels/audiovis.spec.fill.brush-opacity-40_s1_t5.75_preview_con.raw,256,144,0.200684,0.0119476,0,0.200684,1.34023E-05,3.79483E-05,0.00159278,0.0189887,0.0189887,0.999831,105,129,0,0
audiovis/pixels/audiovis.spec.fill.brush-opacity-40_s2_t5.75_export_con.raw,512,288,0.399902,0.0235291,0,0.399902,1.3457E-05,3.81278E-05,0.00182326,0.0298394,0.0298394,0.99988,210,259,0,0
audiovis/pixels/audiovis.spec.fill.brush-opacity-40_s2_t5.75_preview_con.raw,512,288,0.399902,0.0235291,0,0.399902,1.3457E-05,3.81278E-05,0.00182326,0.0298394,0.0298394,0.99988,210,259,0,0
audiovis/pixels/audiovis.spec.fill.linear-gradient-rotated_s0.5_t5.75_export_con.raw,128,72,0.22229,0.246094,0.332764,0.332764,5.84258E-05,7.26912E-05,0.00347872,0.0325521,0.0325521,0.999857,53,65,0,0
audiovis/pixels/audiovis.spec.fill.linear-gradient-rotated_s0.5_t5.75_preview_con.raw,128,72,0.22229,0.246094,0.332764,0.332764,5.84258E-05,7.26912E-05,0.00347872,0.0325521,0.0325521,0.999857,53,65,0,0
audiovis/pixels/audiovis.spec.fill.linear-gradient-rotated_s1_t5.75_export_con.raw,256,144,0.226196,0.249756,0.33667,0.33667,5.10674E-05,6.35485E-05,0.00376332,0.0189887,0.0189887,0.999788,105,129,0,0
audiovis/pixels/audiovis.spec.fill.linear-gradient-rotated_s1_t5.75_preview_con.raw,256,144,0.226196,0.249756,0.33667,0.33667,5.10674E-05,6.35485E-05,0.00376332,0.0189887,0.0189887,0.999788,105,129,0,0
audiovis/pixels/audiovis.spec.fill.linear-gradient-rotated_s2_t5.75_export_con.raw,512,288,0.451416,0.499023,0.671875,0.671875,5.12424E-05,6.3794E-05,0.00430304,0.0298394,0.0298394,0.999859,210,259,0,0
audiovis/pixels/audiovis.spec.fill.linear-gradient-rotated_s2_t5.75_preview_con.raw,512,288,0.451416,0.499023,0.671875,0.671875,5.12424E-05,6.3794E-05,0.00430304,0.0298394,0.0298394,0.999859,210,259,0,0
audiovis/pixels/audiovis.spec.fill.linear-gradient_s0.5_t5.75_export_con.raw,128,72,0.498047,0.0282135,0.469727,0.498047,7.23358E-05,0.000108507,0.00508802,0.0325521,0.0325521,0.999832,53,65,0,0
audiovis/pixels/audiovis.spec.fill.linear-gradient_s0.5_t5.75_preview_con.raw,128,72,0.498047,0.0282135,0.469727,0.498047,7.23358E-05,0.000108507,0.00508802,0.0325521,0.0325521,0.999832,53,65,0,0
audiovis/pixels/audiovis.spec.fill.linear-gradient_s1_t5.75_export_con.raw,256,144,0.501953,0.0328369,0.489014,0.501953,6.32606E-05,9.48906E-05,0.00550033,0.0189887,0.0189887,0.999797,105,129,0,0
audiovis/pixels/audiovis.spec.fill.linear-gradient_s1_t5.75_preview_con.raw,256,144,0.501953,0.0328369,0.489014,0.501953,6.32606E-05,9.48906E-05,0.00550033,0.0189887,0.0189887,0.999797,105,129,0,0
audiovis/pixels/audiovis.spec.fill.linear-gradient_s2_t5.75_export_con.raw,512,288,1,0.0517883,0.958984,1,6.35561E-05,9.53407E-05,0.00628444,0.0298394,0.0298394,0.999862,210,259,0,0
audiovis/pixels/audiovis.spec.fill.linear-gradient_s2_t5.75_preview_con.raw,512,288,1,0.0517883,0.958984,1,6.35561E-05,9.53407E-05,0.00628444,0.0298394,0.0298394,0.999862,210,259,0,0
audiovis/pixels/audiovis.spec.fill.radial-gradient_s0.5_t5.75_export_con.raw,128,72,0.281494,0.309082,0.281494,0.498047,6.42626E-05,0.000108507,0.00375905,0.0325521,0.0325521,0.999841,53,65,0,0
audiovis/pixels/audiovis.spec.fill.radial-gradient_s0.5_t5.75_preview_con.raw,128,72,0.281494,0.309082,0.281494,0.498047,6.42626E-05,0.000108507,0.00375905,0.0325521,0.0325521,0.999841,53,65,0,0
audiovis/pixels/audiovis.spec.fill.radial-gradient_s1_t5.75_export_con.raw,256,144,0.291382,0.317505,0.291382,0.501953,5.59191E-05,9.48906E-05,0.00406211,0.0189887,0.0189887,0.999784,105,129,0,0
audiovis/pixels/audiovis.spec.fill.radial-gradient_s1_t5.75_preview_con.raw,256,144,0.291382,0.317505,0.291382,0.501953,5.59191E-05,9.48906E-05,0.00406211,0.0189887,0.0189887,0.999784,105,129,0,0
audiovis/pixels/audiovis.spec.fill.radial-gradient_s2_t5.75_export_con.raw,512,288,0.568848,0.624023,0.568848,1,5.60668E-05,9.53407E-05,0.004635,0.0298394,0.0298394,0.999854,210,259,0,0
audiovis/pixels/audiovis.spec.fill.radial-gradient_s2_t5.75_preview_con.raw,512,288,0.568848,0.624023,0.568848,1,5.60668E-05,9.53407E-05,0.004635,0.0298394,0.0298394,0.999854,210,259,0,0
audiovis/pixels/audiovis.spec.fill.solid-alpha_s0.5_t5.75_export_con.raw,128,72,0.234375,0.135376,0.00497437,0.234375,2.72142E-05,5.10746E-05,0.00199932,0.0325521,0.0325521,0.999849,53,65,0,0
audiovis/pixels/audiovis.spec.fill.solid-alpha_s0.5_t5.75_preview_con.raw,128,72,0.234375,0.135376,0.00497437,0.234375,2.72142E-05,5.10746E-05,0.00199932,0.0325521,0.0325521,0.999849,53,65,0,0
audiovis/pixels/audiovis.spec.fill.solid-alpha_s1_t5.75_export_con.raw,256,144,0.236328,0.136353,0.00501251,0.236328,2.37985E-05,4.46637E-05,0.00216113,0.0189887,0.0189887,0.999792,105,129,0,0
audiovis/pixels/audiovis.spec.fill.solid-alpha_s1_t5.75_preview_con.raw,256,144,0.236328,0.136353,0.00501251,0.236328,2.37985E-05,4.46637E-05,0.00216113,0.0189887,0.0189887,0.999792,105,129,0,0
audiovis/pixels/audiovis.spec.fill.solid-alpha_s2_t5.75_export_con.raw,512,288,0.470703,0.270508,0.0117645,0.470703,2.39306E-05,4.48787E-05,0.00247174,0.0298394,0.0298394,0.999862,210,259,0,0
audiovis/pixels/audiovis.spec.fill.solid-alpha_s2_t5.75_preview_con.raw,512,288,0.470703,0.270508,0.0117645,0.470703,2.39306E-05,4.48787E-05,0.00247174,0.0298394,0.0298394,0.999862,210,259,0,0
audiovis/pixels/audiovis.spec.fill.solid-white_s0.5_t5.75_export_con.raw,128,72,0.498047,0.498047,0.498047,0.498047,0.000108507,0.000108507,0.00637062,0.0325521,0.0325521,0.999844,53,65,0,0
audiovis/pixels/audiovis.spec.fill.solid-white_s0.5_t5.75_preview_con.raw,128,72,0.498047,0.498047,0.498047,0.498047,0.000108507,0.000108507,0.00637062,0.0325521,0.0325521,0.999844,53,65,0,0
audiovis/pixels/audiovis.spec.fill.solid-white_s1_t5.75_export_con.raw,256,144,0.501953,0.501953,0.501953,0.501953,9.48906E-05,9.48906E-05,0.00688618,0.0189887,0.0189887,0.999785,105,129,0,0
audiovis/pixels/audiovis.spec.fill.solid-white_s1_t5.75_preview_con.raw,256,144,0.501953,0.501953,0.501953,0.501953,9.48906E-05,9.48906E-05,0.00688618,0.0189887,0.0189887,0.999785,105,129,0,0
audiovis/pixels/audiovis.spec.fill.solid-white_s2_t5.75_export_con.raw,512,288,1,1,1,1,9.53407E-05,9.53407E-05,0.00788368,0.0298394,0.0298394,0.999849,210,259,0,0
audiovis/pixels/audiovis.spec.fill.solid-white_s2_t5.75_preview_con.raw,512,288,1,1,1,1,9.53407E-05,9.53407E-05,0.00788368,0.0298394,0.0298394,0.999849,210,259,0,0
audiovis/pixels/audiovis.spec.floordb.-120_s0.5_t5.75_export_con.raw,128,72,1,1,1,1,0.00349988,0.00349988,0.0419047,0.802951,0.802951,0.994785,113,60,0,0
audiovis/pixels/audiovis.spec.floordb.-120_s0.5_t5.75_preview_con.raw,128,72,1,1,1,1,0.00349988,0.00349988,0.0419047,0.802951,0.802951,0.994785,113,60,0,0
audiovis/pixels/audiovis.spec.floordb.-120_s1_t5.75_export_con.raw,256,144,1,1,1,1,0.00356648,0.00356648,0.0503455,0.615777,0.615777,0.982791,108,91,0,0
audiovis/pixels/audiovis.spec.floordb.-120_s1_t5.75_preview_con.raw,256,144,1,1,1,1,0.00356648,0.00356648,0.0503455,0.615777,0.615777,0.982791,108,91,0,0
audiovis/pixels/audiovis.spec.floordb.-120_s2_t5.75_export_con.raw,512,288,1,1,1,1,0.00356945,0.00356945,0.0541994,0.804986,0.804986,0.984847,212,181,0,0
audiovis/pixels/audiovis.spec.floordb.-120_s2_t5.75_preview_con.raw,512,288,1,1,1,1,0.00356945,0.00356945,0.0541994,0.804986,0.804986,0.984847,212,181,0,0
audiovis/pixels/audiovis.spec.floordb.-200_s0.5_t5.75_export_con.raw,128,72,0.501953,0.501953,0.501953,0.501953,0.00222121,0.00222121,0.030321,0.596788,0.596788,0.990501,59,30,0,0
audiovis/pixels/audiovis.spec.floordb.-200_s0.5_t5.75_preview_con.raw,128,72,0.501953,0.501953,0.501953,0.501953,0.00222121,0.00222121,0.030321,0.596788,0.596788,0.990501,59,30,0,0
audiovis/pixels/audiovis.spec.floordb.-200_s1_t5.75_export_con.raw,256,144,1,1,1,1,0.00212238,0.00212238,0.0338647,0.461155,0.461155,0.994185,161,66,0,0
audiovis/pixels/audiovis.spec.floordb.-200_s1_t5.75_preview_con.raw,256,144,1,1,1,1,0.00212238,0.00212238,0.0338647,0.461155,0.461155,0.994185,161,66,0,0
audiovis/pixels/audiovis.spec.floordb.-200_s2_t5.75_export_con.raw,512,288,1,1,1,1,0.00212269,0.00212269,0.0397633,0.579834,0.579834,0.992814,222,120,0,0
audiovis/pixels/audiovis.spec.floordb.-200_s2_t5.75_preview_con.raw,512,288,1,1,1,1,0.00212269,0.00212269,0.0397633,0.579834,0.579834,0.992814,222,120,0,0
audiovis/pixels/audiovis.spec.gain.1000_s0.5_t5.75_export_con.raw,128,72,0.996094,0.996094,0.996094,0.996094,0.00482686,0.00482686,0.0565529,1.29123,1.28038,0.985731,83,29,0,0
audiovis/pixels/audiovis.spec.gain.1000_s0.5_t5.75_preview_con.raw,128,72,0.996094,0.996094,0.996094,0.996094,0.00482686,0.00482686,0.0565529,1.29123,1.28038,0.985731,83,29,0,0
audiovis/pixels/audiovis.spec.gain.1000_s1_t5.75_export_con.raw,256,144,1,1,1,1,0.00473424,0.00473424,0.0604784,0.840929,0.840929,0.977611,117,44,0,0
audiovis/pixels/audiovis.spec.gain.1000_s1_t5.75_preview_con.raw,256,144,1,1,1,1,0.00473424,0.00473424,0.0604784,0.840929,0.840929,0.977611,117,44,0,0
audiovis/pixels/audiovis.spec.gain.1000_s2_t5.75_export_con.raw,512,288,1,1,1,1,0.00469951,0.00469951,0.0640984,0.642904,0.642904,0.983097,216,80,0,0
audiovis/pixels/audiovis.spec.gain.1000_s2_t5.75_preview_con.raw,512,288,1,1,1,1,0.00469951,0.00469951,0.0640984,0.642904,0.642904,0.983097,216,80,0,0
audiovis/pixels/audiovis.spec.gain.4_s0.5_t5.75_export_con.raw,128,72,0.940063,0.940063,0.940063,0.940063,0.0023609,0.0023609,0.03462,0.878906,0.878906,0.991244,80,64,0,0
audiovis/pixels/audiovis.spec.gain.4_s0.5_t5.75_preview_con.raw,128,72,0.940063,0.940063,0.940063,0.940063,0.0023609,0.0023609,0.03462,0.878906,0.878906,0.991244,80,64,0,0
audiovis/pixels/audiovis.spec.gain.4_s1_t5.75_export_con.raw,256,144,1,1,1,1,0.00219068,0.00219068,0.0407358,0.406901,0.406901,0.992942,117,116,0,0
audiovis/pixels/audiovis.spec.gain.4_s1_t5.75_preview_con.raw,256,144,1,1,1,1,0.00219068,0.00219068,0.0407358,0.406901,0.406901,0.992942,117,116,0,0
audiovis/pixels/audiovis.spec.gain.4_s2_t5.75_export_con.raw,512,288,1,1,1,1,0.00214531,0.00214531,0.0427444,0.29975,0.29975,0.992611,216,224,0,0
audiovis/pixels/audiovis.spec.gain.4_s2_t5.75_preview_con.raw,512,288,1,1,1,1,0.00214531,0.00214531,0.0427444,0.29975,0.29975,0.992611,216,224,0,0
audiovis/pixels/audiovis.spec.gain.64_s0.5_t5.75_export_con.raw,128,72,0.994141,0.994141,0.994141,0.994141,0.00483563,0.00483563,0.0565092,1.29123,1.29123,0.978742,84,47,0,0
audiovis/pixels/audiovis.spec.gain.64_s0.5_t5.75_preview_con.raw,128,72,0.994141,0.994141,0.994141,0.994141,0.00483563,0.00483563,0.0565092,1.29123,1.29123,0.978742,84,47,0,0
audiovis/pixels/audiovis.spec.gain.64_s1_t5.75_export_con.raw,256,144,1,1,1,1,0.00472056,0.00472056,0.0605419,0.843641,0.843641,0.979119,112,77,0,0
audiovis/pixels/audiovis.spec.gain.64_s1_t5.75_preview_con.raw,256,144,1,1,1,1,0.00472056,0.00472056,0.0605419,0.843641,0.843641,0.979119,112,77,0,0
audiovis/pixels/audiovis.spec.gain.64_s2_t5.75_export_con.raw,512,288,1,1,1,1,0.0046915,0.0046915,0.0641087,0.654433,0.654433,0.982872,216,152,0,0
audiovis/pixels/audiovis.spec.gain.64_s2_t5.75_preview_con.raw,512,288,1,1,1,1,0.0046915,0.0046915,0.0641087,0.654433,0.654433,0.982872,216,152,0,0
audiovis/pixels/audiovis.spec.scale-line.Logarithmic_s0.5_t5.75_export_con.raw,128,72,0.342041,0.342041,0.342041,0.342041,0.000164646,0.000164646,0.0056733,0.15191,0.141059,0.999579,54,64,0,0
audiovis/pixels/audiovis.spec.scale-line.Logarithmic_s0.5_t5.75_preview_con.raw,128,72,0.342041,0.342041,0.342041,0.342041,0.000164646,0.000164646,0.0056733,0.15191,0.141059,0.999579,54,64,0,0
audiovis/pixels/audiovis.spec.scale-line.Logarithmic_s1_t5.75_export_con.raw,256,144,0.749023,0.749023,0.749023,0.749023,0.000169463,0.000169463,0.00853143,0.0461155,0.0461155,0.999742,108,129,0,0
audiovis/pixels/audiovis.spec.scale-line.Logarithmic_s1_t5.75_preview_con.raw,256,144,0.749023,0.749023,0.749023,0.749023,0.000169463,0.000169463,0.00853143,0.0461155,0.0461155,0.999742,108,129,0,0
audiovis/pixels/audiovis.spec.scale-line.Logarithmic_s2_t5.75_export_con.raw,512,288,1,1,1,1,0.000182158,0.000182158,0.0102527,0.0474718,0.0474718,0.99975,214,262,0,0
audiovis/pixels/audiovis.spec.scale-line.Logarithmic_s2_t5.75_preview_con.raw,512,288,1,1,1,1,0.000182158,0.000182158,0.0102527,0.0474718,0.0474718,0.99975,214,262,0,0
audiovis/pixels/audiovis.spec.scale.Linear_s0.5_t5.75_export_con.raw,128,72,0.00830078,0.00830078,0.00830078,0.00830078,4.09948E-06,4.09948E-06,0.000176236,0.0542535,0.0542535,1,7,65,0,0
audiovis/pixels/audiovis.spec.scale.Linear_s0.5_t5.75_preview_con.raw,128,72,0.00830078,0.00830078,0.00830078,0.00830078,4.09948E-06,4.09948E-06,0.000176236,0.0542535,0.0542535,1,7,65,0,0
audiovis/pixels/audiovis.spec.scale.Linear_s1_t5.75_export_con.raw,256,144,0.0234375,0.0234375,0.0234375,0.0234375,6.35783E-07,6.35783E-07,0.00012207,0.00271267,0.00271267,1,15,130,0,0
audiovis/pixels/audiovis.spec.scale.Linear_s1_t5.75_preview_con.raw,256,144,0.0234375,0.0234375,0.0234375,0.0234375,6.35783E-07,6.35783E-07,0.00012207,0.00271267,0.00271267,1,15,130,0,0
audiovis/pixels/audiovis.spec.scale.Logarithmic_s0.5_t5.75_export_con.raw,128,72,0.359375,0.359375,0.359375,0.359375,0.000122567,0.000122567,0.00466003,0.119358,0.119358,0.999927,53,64,0,0
audiovis/pixels/audiovis.spec.scale.Logarithmic_s0.5_t5.75_preview_con.raw,128,72,0.359375,0.359375,0.359375,0.359375,0.000122567,0.000122567,0.00466003,0.119358,0.119358,0.999927,53,64,0,0
audiovis/pixels/audiovis.spec.scale.Logarithmic_s1_t5.75_export_con.raw,256,144,0.710938,0.710938,0.710938,0.710938,0.000102202,0.000102202,0.00685896,0.0271267,0.0271267,0.999849,108,130,0,0
audiovis/pixels/audiovis.spec.scale.Logarithmic_s1_t5.75_preview_con.raw,256,144,0.710938,0.710938,0.710938,0.710938,0.000102202,0.000102202,0.00685896,0.0271267,0.0271267,0.999849,108,130,0,0
audiovis/pixels/audiovis.spec.scale.Logarithmic_s2_t5.75_export_con.raw,512,288,1,1,1,1,9.64006E-05,9.64006E-05,0.00797046,0.0169542,0.0169542,0.999826,216,260,0,0
audiovis/pixels/audiovis.spec.scale.Logarithmic_s2_t5.75_preview_con.raw,512,288,1,1,1,1,9.64006E-05,9.64006E-05,0.00797046,0.0169542,0.0169542,0.999826,216,260,0,0
audiovis/pixels/audiovis.spec.scale.Mel_s0.5_t5.75_export_con.raw,128,72,0.117065,0.117065,0.117065,0.117065,7.85391E-05,7.85391E-05,0.00271879,0.108507,0.108507,0.999978,21,66,0,0
audiovis/pixels/audiovis.spec.scale.Mel_s0.5_t5.75_preview_con.raw,128,72,0.117065,0.117065,0.117065,0.117065,7.85391E-05,7.85391E-05,0.00271879,0.108507,0.108507,0.999978,21,66,0,0
audiovis/pixels/audiovis.spec.scale.Mel_s1_t5.75_export_con.raw,256,144,0.710938,0.710938,0.710938,0.710938,6.90619E-05,6.90619E-05,0.00546944,0.0217014,0.0217014,0.99991,46,130,0,0
audiovis/pixels/audiovis.spec.scale.Mel_s1_t5.75_preview_con.raw,256,144,0.710938,0.710938,0.710938,0.710938,6.90619E-05,6.90619E-05,0.00546944,0.0217014,0.0217014,0.99991,46,130,0,0
audiovis/pixels/audiovis.spec.scale.Mel_s2_t5.75_export_con.raw,512,288,1,1,1,1,6.52075E-05,6.52075E-05,0.00669284,0.012207,0.012207,0.99989,92,260,0,0
audiovis/pixels/audiovis.spec.scale.Mel_s2_t5.75_preview_con.raw,512,288,1,1,1,1,6.52075E-05,6.52075E-05,0.00669284,0.012207,0.012207,0.99989,92,260,0,0
audiovis/pixels/audiovis.spec.shape.bar-bw0.5_s0.5_t5.75_export_con.raw,128,72,0.0967712,0.0967712,0.0967712,0.0967712,3.63621E-05,3.63621E-05,0.00144886,0.0976562,0.0976562,0.999872,52,64,0,0
audiovis/pixels/audiovis.spec.shape.bar-bw0.5_s0.5_t5.75_preview_con.raw,128,72,0.0967712,0.0967712,0.0967712,0.0967712,3.63621E-05,3.63621E-05,0.00144886,0.0976562,0.0976562,0.999872,52,64,0,0
audiovis/pixels/audiovis.spec.shape.bar-bw0.5_s1_t5.75_export_con.raw,256,144,0.325562,0.325562,0.325562,0.325562,2.82178E-05,2.82178E-05,0.00263537,0.016276,0.016276,0.999747,106,130,0,0
audiovis/pixels/audiovis.spec.shape.bar-bw0.5_s1_t5.75_preview_con.raw,256,144,0.325562,0.325562,0.325562,0.325562,2.82178E-05,2.82178E-05,0.00263537,0.016276,0.016276,0.999747,106,130,0,0
audiovis/pixels/audiovis.spec.shape.bar-bw0.5_s2_t5.75_export_con.raw,512,288,0.757812,0.757812,0.757812,0.757812,2.65174E-05,2.65174E-05,0.00361471,0.00745985,0.00745985,0.999861,216,261,0,0
audiovis/pixels/audiovis.spec.shape.bar-bw0.5_s2_t5.75_preview_con.raw,512,288,0.757812,0.757812,0.757812,0.757812,2.65174E-05,2.65174E-05,0.00361471,0.00745985,0.00745985,0.999861,216,261,0,0
audiovis/pixels/audiovis.spec.shape.bar-bw16_s0.5_t5.75_export_con.raw,128,72,0.259766,0.259766,0.259766,0.259766,0.000142356,0.000142356,0.00457089,0.173611,0.16276,0.999939,56,64,0,0
audiovis/pixels/audiovis.spec.shape.bar-bw16_s0.5_t5.75_preview_con.raw,128,72,0.259766,0.259766,0.259766,0.259766,0.000142356,0.000142356,0.00457089,0.173611,0.16276,0.999939,56,64,0,0
audiovis/pixels/audiovis.spec.shape.bar-bw16_s1_t5.75_export_con.raw,256,144,0.710938,0.710938,0.710938,0.710938,0.000102202,0.000102202,0.00685896,0.0271267,0.0271267,0.999873,113,130,0,0
audiovis/pixels/audiovis.spec.shape.bar-bw16_s1_t5.75_preview_con.raw,256,144,0.710938,0.710938,0.710938,0.710938,0.000102202,0.000102202,0.00685896,0.0271267,0.0271267,0.999873,113,130,0,0
audiovis/pixels/audiovis.spec.shape.bar-bw16_s2_t5.75_export_con.raw,512,288,1,1,1,1,9.64006E-05,9.64006E-05,0.00797046,0.0169542,0.0169542,0.999812,226,260,0,0
audiovis/pixels/audiovis.spec.shape.bar-bw16_s2_t5.75_preview_con.raw,512,288,1,1,1,1,9.64006E-05,9.64006E-05,0.00797046,0.0169542,0.0169542,0.999812,226,260,0,0
audiovis/pixels/audiovis.spec.shape.bar-bw2_s0.5_t5.75_export_con.raw,128,72,0.359375,0.359375,0.359375,0.359375,0.000115534,0.000115534,0.00496183,0.0976562,0.0976562,0.999881,52,64,0,0
audiovis/pixels/audiovis.spec.shape.bar-bw2_s0.5_t5.75_preview_con.raw,128,72,0.359375,0.359375,0.359375,0.359375,0.000115534,0.000115534,0.00496183,0.0976562,0.0976562,0.999881,52,64,0,0
audiovis/pixels/audiovis.spec.shape.bar-bw2_s1_t5.75_export_con.raw,256,144,0.710938,0.710938,0.710938,0.710938,9.26918E-05,9.26918E-05,0.00652174,0.0271267,0.0271267,0.999784,106,130,0,0
audiovis/pixels/audiovis.spec.shape.bar-bw2_s1_t5.75_preview_con.raw,256,144,0.710938,0.710938,0.710938,0.710938,9.26918E-05,9.26918E-05,0.00652174,0.0271267,0.0271267,0.999784,106,130,0,0
audiovis/pixels/audiovis.spec.shape.bar-bw2_s2_t5.75_export_con.raw,512,288,1,1,1,1,9.55462E-05,9.55462E-05,0.00793056,0.0169542,0.0169542,0.999813,212,260,0,0
audiovis/pixels/audiovis.spec.shape.bar-bw2_s2_t5.75_preview_con.raw,512,288,1,1,1,1,9.55462E-05,9.55462E-05,0.00793056,0.0169542,0.0169542,0.999813,212,260,0,0
audiovis/pixels/audiovis.spec.shape.bar-bw600_s0.5_t5.75_export_con.raw,128,72,0.000488281,0.000488281,0.000488281,0.000488281,5.82801E-07,5.82801E-07,1.68692E-05,0.119358,0,1,21,66,0,0
audiovis/pixels/audiovis.spec.shape.bar-bw600_s0.5_t5.75_preview_con.raw,128,72,0.000488281,0.000488281,0.000488281,0.000488281,5.82801E-07,5.82801E-07,1.68692E-05,0.119358,0,1,21,66,0,0
audiovis/pixels/audiovis.spec.shape.bar-corner-asym_s0.5_t5.75_export_con.raw,128,72,0.250977,0.250977,0.250977,0.250977,0.000108507,0.000108507,0.00520845,0.0434028,0.0434028,0.9999,54,64,0,0
audiovis/pixels/audiovis.spec.shape.bar-corner-asym_s0.5_t5.75_preview_con.raw,128,72,0.250977,0.250977,0.250977,0.250977,0.000108507,0.000108507,0.00520845,0.0434028,0.0434028,0.9999,54,64,0,0
audiovis/pixels/audiovis.spec.shape.bar-corner-asym_s1_t5.75_export_con.raw,256,144,0.749023,0.749023,0.749023,0.749023,0.000108613,0.000108613,0.00759416,0.0244141,0.0244141,0.9998,111,130,0,0
audiovis/pixels/audiovis.spec.shape.bar-corner-asym_s1_t5.75_preview_con.raw,256,144,0.749023,0.749023,0.749023,0.749023,0.000108613,0.000108613,0.00759416,0.0244141,0.0244141,0.9998,111,130,0,0
audiovis/pixels/audiovis.spec.shape.bar-corner-asym_s2_t5.75_export_con.raw,512,288,1,1,1,1,9.53443E-05,9.53443E-05,0.00800382,0.0169542,0.0169542,0.999845,222,260,0,0
audiovis/pixels/audiovis.spec.shape.bar-corner-asym_s2_t5.75_preview_con.raw,512,288,1,1,1,1,9.53443E-05,9.53443E-05,0.00800382,0.0169542,0.0169542,0.999845,222,260,0,0
audiovis/pixels/audiovis.spec.shape.bar-corner-huge_s0.5_t5.75_export_con.raw,128,72,0.501953,0.501953,0.501953,0.501953,8.16981E-05,8.16981E-05,0.00584584,0.0217014,0.0217014,0.999892,54,64,0,0
audiovis/pixels/audiovis.spec.shape.bar-corner-huge_s0.5_t5.75_preview_con.raw,128,72,0.501953,0.501953,0.501953,0.501953,8.16981E-05,8.16981E-05,0.00584584,0.0217014,0.0217014,0.999892,54,64,0,0
audiovis/pixels/audiovis.spec.shape.bar-corner-huge_s1_t5.75_export_con.raw,256,144,0.749023,0.749023,0.749023,0.749023,0.000101911,0.000101911,0.00725978,0.0217014,0.0217014,0.999842,111,130,0,0
audiovis/pixels/audiovis.spec.shape.bar-corner-huge_s1_t5.75_preview_con.raw,256,144,0.749023,0.749023,0.749023,0.749023,0.000101911,0.000101911,0.00725978,0.0217014,0.0217014,0.999842,111,130,0,0
audiovis/pixels/audiovis.spec.shape.bar-corner-huge_s2_t5.75_export_con.raw,512,288,1,1,1,1,9.31819E-05,9.31819E-05,0.00801182,0.0169542,0.0169542,0.999853,221,260,0,0
audiovis/pixels/audiovis.spec.shape.bar-corner-huge_s2_t5.75_preview_con.raw,512,288,1,1,1,1,9.31819E-05,9.31819E-05,0.00801182,0.0169542,0.0169542,0.999853,221,260,0,0
audiovis/pixels/audiovis.spec.shape.bar-corner2_s0.5_t5.75_export_con.raw,128,72,0.498047,0.498047,0.498047,0.498047,5.40415E-05,5.40415E-05,0.00518799,0.0108507,0.0108507,0.999902,54,65,0,0
audiovis/pixels/audiovis.spec.shape.bar-corner2_s0.5_t5.75_preview_con.raw,128,72,0.498047,0.498047,0.498047,0.498047,5.40415E-05,5.40415E-05,0.00518799,0.0108507,0.0108507,0.999902,54,65,0,0
audiovis/pixels/audiovis.spec.shape.bar-corner2_s1_t5.75_export_con.raw,256,144,0.749023,0.749023,0.749023,0.749023,9.51025E-05,9.51025E-05,0.00714112,0.0189887,0.0189887,0.999838,108,130,0,0
audiovis/pixels/audiovis.spec.shape.bar-corner2_s1_t5.75_preview_con.raw,256,144,0.749023,0.749023,0.749023,0.749023,9.51025E-05,9.51025E-05,0.00714112,0.0189887,0.0189887,0.999838,108,130,0,0
audiovis/pixels/audiovis.spec.shape.bar-corner2_s2_t5.75_export_con.raw,512,288,1,1,1,1,8.68274E-05,8.68274E-05,0.00771927,0.0155979,0.0155979,0.999838,215,260,0,0
audiovis/pixels/audiovis.spec.shape.bar-corner2_s2_t5.75_preview_con.raw,512,288,1,1,1,1,8.68274E-05,8.68274E-05,0.00771927,0.0155979,0.0155979,0.999838,215,260,0,0
audiovis/pixels/audiovis.spec.shape.bar_s0.5_t5.75_export_con.raw,128,72,0.359375,0.359375,0.359375,0.359375,0.000122567,0.000122567,0.00466003,0.119358,0.119358,0.999927,53,64,0,0
audiovis/pixels/audiovis.spec.shape.bar_s0.5_t5.75_preview_con.raw,128,72,0.359375,0.359375,0.359375,0.359375,0.000122567,0.000122567,0.00466003,0.119358,0.119358,0.999927,53,64,0,0
audiovis/pixels/audiovis.spec.shape.bar_s1_t5.75_export_con.raw,256,144,0.710938,0.710938,0.710938,0.710938,0.000102202,0.000102202,0.00685896,0.0271267,0.0271267,0.999849,108,130,0,0
audiovis/pixels/audiovis.spec.shape.bar_s1_t5.75_preview_con.raw,256,144,0.710938,0.710938,0.710938,0.710938,0.000102202,0.000102202,0.00685896,0.0271267,0.0271267,0.999849,108,130,0,0
audiovis/pixels/audiovis.spec.shape.bar_s2_t5.75_export_con.raw,512,288,1,1,1,1,9.64006E-05,9.64006E-05,0.00797046,0.0169542,0.0169542,0.999826,216,260,0,0
audiovis/pixels/audiovis.spec.shape.bar_s2_t5.75_preview_con.raw,512,288,1,1,1,1,9.64006E-05,9.64006E-05,0.00797046,0.0169542,0.0169542,0.999826,216,260,0,0
audiovis/pixels/audiovis.spec.shape.filledarea-smooth100_s0.5_t5.75_export_con.raw,128,72,0.498047,0.498047,0.498047,0.498047,0.000108083,0.000108083,0.00635403,0.0325521,0.0325521,0.999845,53,65,0,0
audiovis/pixels/audiovis.spec.shape.filledarea-smooth100_s0.5_t5.75_preview_con.raw,128,72,0.498047,0.498047,0.498047,0.498047,0.000108083,0.000108083,0.00635403,0.0325521,0.0325521,0.999845,53,65,0,0
audiovis/pixels/audiovis.spec.shape.filledarea-smooth100_s1_t5.75_export_con.raw,256,144,0.501953,0.501953,0.501953,0.501953,9.49966E-05,9.49966E-05,0.00637893,0.0244141,0.0244141,0.999814,105,129,0,0
audiovis/pixels/audiovis.spec.shape.filledarea-smooth100_s1_t5.75_preview_con.raw,256,144,0.501953,0.501953,0.501953,0.501953,9.49966E-05,9.49966E-05,0.00637893,0.0244141,0.0244141,0.999814,105,129,0,0
audiovis/pixels/audiovis.spec.shape.filledarea-smooth100_s2_t5.75_export_con.raw,512,288,1,1,1,1,9.48542E-05,9.48542E-05,0.00776791,0.0230577,0.0230577,0.999833,210,259,0,0
audiovis/pixels/audiovis.spec.shape.filledarea-smooth100_s2_t5.75_preview_con.raw,512,288,1,1,1,1,9.48542E-05,9.48542E-05,0.00776791,0.0230577,0.0230577,0.999833,210,259,0,0
audiovis/pixels/audiovis.spec.shape.filledarea-smooth50_s0.5_t5.75_export_con.raw,128,72,0.498047,0.498047,0.498047,0.498047,0.000108507,0.000108507,0.00637062,0.0325521,0.0325521,0.999844,53,65,0,0
audiovis/pixels/audiovis.spec.shape.filledarea-smooth50_s0.5_t5.75_preview_con.raw,128,72,0.498047,0.498047,0.498047,0.498047,0.000108507,0.000108507,0.00637062,0.0325521,0.0325521,0.999844,53,65,0,0
audiovis/pixels/audiovis.spec.shape.filledarea-smooth50_s1_t5.75_export_con.raw,256,144,0.501953,0.501953,0.501953,0.501953,9.48906E-05,9.48906E-05,0.00688618,0.0189887,0.0189887,0.999785,105,129,0,0
audiovis/pixels/audiovis.spec.shape.filledarea-smooth50_s1_t5.75_preview_con.raw,256,144,0.501953,0.501953,0.501953,0.501953,9.48906E-05,9.48906E-05,0.00688618,0.0189887,0.0189887,0.999785,105,129,0,0
audiovis/pixels/audiovis.spec.shape.filledarea-smooth50_s2_t5.75_export_con.raw,512,288,1,1,1,1,9.52813E-05,9.52813E-05,0.00781918,0.0217014,0.0217014,0.99983,210,259,0,0
audiovis/pixels/audiovis.spec.shape.filledarea-smooth50_s2_t5.75_preview_con.raw,512,288,1,1,1,1,9.52813E-05,9.52813E-05,0.00781918,0.0217014,0.0217014,0.99983,210,259,0,0
audiovis/pixels/audiovis.spec.shape.filledarea_s0.5_t5.75_export_con.raw,128,72,0.498047,0.498047,0.498047,0.498047,0.000108507,0.000108507,0.00637062,0.0325521,0.0325521,0.999844,53,65,0,0
audiovis/pixels/audiovis.spec.shape.filledarea_s0.5_t5.75_preview_con.raw,128,72,0.498047,0.498047,0.498047,0.498047,0.000108507,0.000108507,0.00637062,0.0325521,0.0325521,0.999844,53,65,0,0
audiovis/pixels/audiovis.spec.shape.filledarea_s1_t5.75_export_con.raw,256,144,0.501953,0.501953,0.501953,0.501953,9.48906E-05,9.48906E-05,0.00688618,0.0189887,0.0189887,0.999785,105,129,0,0
audiovis/pixels/audiovis.spec.shape.filledarea_s1_t5.75_preview_con.raw,256,144,0.501953,0.501953,0.501953,0.501953,9.48906E-05,9.48906E-05,0.00688618,0.0189887,0.0189887,0.999785,105,129,0,0
audiovis/pixels/audiovis.spec.shape.filledarea_s2_t5.75_export_con.raw,512,288,1,1,1,1,9.53407E-05,9.53407E-05,0.00788368,0.0298394,0.0298394,0.999849,210,259,0,0
audiovis/pixels/audiovis.spec.shape.filledarea_s2_t5.75_preview_con.raw,512,288,1,1,1,1,9.53407E-05,9.53407E-05,0.00788368,0.0298394,0.0298394,0.999849,210,259,0,0
audiovis/pixels/audiovis.spec.shape.line-smooth100_s0.5_t5.75_export_con.raw,128,72,0.286865,0.286865,0.286865,0.286865,0.000130544,0.000130544,0.00491892,0.173611,0.15191,0.999609,53,64,0,0
audiovis/pixels/audiovis.spec.shape.line-smooth100_s0.5_t5.75_preview_con.raw,128,72,0.286865,0.286865,0.286865,0.286865,0.000130544,0.000130544,0.00491892,0.173611,0.15191,0.999609,53,64,0,0
audiovis/pixels/audiovis.spec.shape.line-smooth100_s1_t5.75_export_con.raw,256,144,0.501953,0.501953,0.501953,0.501953,0.000183185,0.000183185,0.00873548,0.0488281,0.0488281,0.999209,108,129,0,0
audiovis/pixels/audiovis.spec.shape.line-smooth100_s1_t5.75_preview_con.raw,256,144,0.501953,0.501953,0.501953,0.501953,0.000183185,0.000183185,0.00873548,0.0488281,0.0488281,0.999209,108,129,0,0
audiovis/pixels/audiovis.spec.shape.line-smooth100_s2_t5.75_export_con.raw,512,288,1,1,1,1,0.000191909,0.000191909,0.0110518,0.0474718,0.0474718,0.999612,213,258,0,0
audiovis/pixels/audiovis.spec.shape.line-smooth100_s2_t5.75_preview_con.raw,512,288,1,1,1,1,0.000191909,0.000191909,0.0110518,0.0474718,0.0474718,0.999612,213,258,0,0
audiovis/pixels/audiovis.spec.shape.line-smooth50_s0.5_t5.75_export_con.raw,128,72,0.353271,0.353271,0.353271,0.353271,0.000140216,0.000140216,0.0052912,0.184462,0.173611,0.999567,53,64,0,0
audiovis/pixels/audiovis.spec.shape.line-smooth50_s0.5_t5.75_preview_con.raw,128,72,0.353271,0.353271,0.353271,0.353271,0.000140216,0.000140216,0.0052912,0.184462,0.173611,0.999567,53,64,0,0
audiovis/pixels/audiovis.spec.shape.line-smooth50_s1_t5.75_export_con.raw,256,144,0.749023,0.749023,0.749023,0.749023,0.000203398,0.000203398,0.0100781,0.0461155,0.0461155,0.998954,107,129,0,0
audiovis/pixels/audiovis.spec.shape.line-smooth50_s1_t5.75_preview_con.raw,256,144,0.749023,0.749023,0.749023,0.749023,0.000203398,0.000203398,0.0100781,0.0461155,0.0461155,0.998954,107,129,0,0
audiovis/pixels/audiovis.spec.shape.line-smooth50_s2_t5.75_export_con.raw,512,288,1,1,1,1,0.000191548,0.000191548,0.0111093,0.0461155,0.0461155,0.999623,213,258,0,0
audiovis/pixels/audiovis.spec.shape.line-smooth50_s2_t5.75_preview_con.raw,512,288,1,1,1,1,0.000191548,0.000191548,0.0111093,0.0461155,0.0461155,0.999623,213,258,0,0
audiovis/pixels/audiovis.spec.shape.line-thick30_s0.5_t5.75_export_con.raw,128,72,0.250977,0.250977,0.250977,0.250977,2.72327E-05,2.72327E-05,0.00261434,0.0108507,0.0108507,0.999971,44,66,0,0
audiovis/pixels/audiovis.spec.shape.line-thick30_s0.5_t5.75_preview_con.raw,128,72,0.250977,0.250977,0.250977,0.250977,2.72327E-05,2.72327E-05,0.00261434,0.0108507,0.0108507,0.999971,44,66,0,0
audiovis/pixels/audiovis.spec.shape.line-thick30_s2_t5.75_export_con.raw,512,288,0.250977,0.250977,0.250977,0.250977,5.95881E-06,5.95881E-06,0.000953083,0.00542535,0.00542535,0.999983,179,264,0,0
audiovis/pixels/audiovis.spec.shape.line-thick30_s2_t5.75_preview_con.raw,512,288,0.250977,0.250977,0.250977,0.250977,5.95881E-06,5.95881E-06,0.000953083,0.00542535,0.00542535,0.999983,179,264,0,0
audiovis/pixels/audiovis.spec.shape.line-thick8_s0.5_t5.75_export_con.raw,128,72,0.250977,0.250977,0.250977,0.250977,8.16981E-05,8.16981E-05,0.00452817,0.0325521,0.0325521,0.999943,53,63,0,0
audiovis/pixels/audiovis.spec.shape.line-thick8_s0.5_t5.75_preview_con.raw,128,72,0.250977,0.250977,0.250977,0.250977,8.16981E-05,8.16981E-05,0.00452817,0.0325521,0.0325521,0.999943,53,63,0,0
audiovis/pixels/audiovis.spec.shape.line-thick8_s1_t5.75_export_con.raw,256,144,0.501953,0.501953,0.501953,0.501953,8.82943E-05,8.82943E-05,0.00625204,0.0217014,0.0217014,0.999892,108,126,0,0
audiovis/pixels/audiovis.spec.shape.line-thick8_s1_t5.75_preview_con.raw,256,144,0.501953,0.501953,0.501953,0.501953,8.82943E-05,8.82943E-05,0.00625204,0.0217014,0.0217014,0.999892,108,126,0,0
audiovis/pixels/audiovis.spec.shape.line-thick8_s2_t5.75_export_con.raw,512,288,1,1,1,1,7.28518E-05,7.28518E-05,0.00619077,0.0230577,0.0230577,0.999644,217,253,0,0
audiovis/pixels/audiovis.spec.shape.line-thick8_s2_t5.75_preview_con.raw,512,288,1,1,1,1,7.28518E-05,7.28518E-05,0.00619077,0.0230577,0.0230577,0.999644,217,253,0,0
audiovis/pixels/audiovis.spec.shape.line-thin_s0.5_t5.75_export_con.raw,128,72,0.154297,0.154297,0.154297,0.154297,5.14425E-05,5.14425E-05,0.00212317,0.16276,0.141059,0.999485,53,64,0,0
audiovis/pixels/audiovis.spec.shape.line-thin_s0.5_t5.75_preview_con.raw,128,72,0.154297,0.154297,0.154297,0.154297,5.14425E-05,5.14425E-05,0.00212317,0.16276,0.141059,0.999485,53,64,0,0
audiovis/pixels/audiovis.spec.shape.line-thin_s1_t5.75_export_con.raw,256,144,0.428223,0.428223,0.428223,0.428223,9.00864E-05,9.00864E-05,0.0044568,0.0786675,0.0786675,0.999226,106,129,0,0
audiovis/pixels/audiovis.spec.shape.line-thin_s1_t5.75_preview_con.raw,256,144,0.428223,0.428223,0.428223,0.428223,9.00864E-05,9.00864E-05,0.0044568,0.0786675,0.0786675,0.999226,106,129,0,0
audiovis/pixels/audiovis.spec.shape.line-thin_s2_t5.75_export_con.raw,512,288,0.983398,0.983398,0.983398,0.983398,0.000141101,0.000141101,0.00884974,0.0420464,0.0420464,0.999114,213,261,0,0
audiovis/pixels/audiovis.spec.shape.line-thin_s2_t5.75_preview_con.raw,512,288,0.983398,0.983398,0.983398,0.983398,0.000141101,0.000141101,0.00884974,0.0420464,0.0420464,0.999114,213,261,0,0
audiovis/pixels/audiovis.spec.shape.line_s0.5_t5.75_export_con.raw,128,72,0.485352,0.485352,0.485352,0.485352,0.000175882,0.000175882,0.00710115,0.16276,0.141059,0.999482,53,64,0,0
audiovis/pixels/audiovis.spec.shape.line_s0.5_t5.75_preview_con.raw,128,72,0.485352,0.485352,0.485352,0.485352,0.000175882,0.000175882,0.00710115,0.16276,0.141059,0.999482,53,64,0,0
audiovis/pixels/audiovis.spec.shape.line_s1_t5.75_export_con.raw,256,144,0.749023,0.749023,0.749023,0.749023,0.0002101,0.0002101,0.0103241,0.0488281,0.0488281,0.999039,107,129,0,0
audiovis/pixels/audiovis.spec.shape.line_s1_t5.75_preview_con.raw,256,144,0.749023,0.749023,0.749023,0.749023,0.0002101,0.0002101,0.0103241,0.0488281,0.0488281,0.999039,107,129,0,0
audiovis/pixels/audiovis.spec.shape.line_s2_t5.75_export_con.raw,512,288,1,1,1,1,0.000191518,0.000191518,0.0110633,0.0474718,0.0474718,0.999633,213,258,0,0
audiovis/pixels/audiovis.spec.shape.line_s2_t5.75_preview_con.raw,512,288,1,1,1,1,0.000191518,0.000191518,0.0110633,0.0474718,0.0474718,0.999633,213,258,0,0
audiovis/pixels/audiovis.spec.shape.mirroredbars-bw16_s0.5_t5.75_export_con.raw,128,72,0.0224609,0.0224609,0.0224609,0.0224609,1.27157E-05,1.27157E-05,0.000489551,0.0868056,0.0868056,0.999999,56,35,0,0
audiovis/pixels/audiovis.spec.shape.mirroredbars-bw16_s0.5_t5.75_preview_con.raw,128,72,0.0224609,0.0224609,0.0224609,0.0224609,1.27157E-05,1.27157E-05,0.000489551,0.0868056,0.0868056,0.999999,56,35,0,0
audiovis/pixels/audiovis.spec.shape.mirroredbars-bw16_s1_t5.75_export_con.raw,256,144,0.359375,0.359375,0.359375,0.359375,5.50482E-05,5.50482E-05,0.0039464,0.0488281,0.0325521,0.99996,111,70,0,0
audiovis/pixels/audiovis.spec.shape.mirroredbars-bw16_s1_t5.75_preview_con.raw,256,144,0.359375,0.359375,0.359375,0.359375,5.50482E-05,5.50482E-05,0.0039464,0.0488281,0.0325521,0.99996,111,70,0,0
audiovis/pixels/audiovis.spec.shape.mirroredbars-bw16_s2_t5.75_export_con.raw,512,288,0.710938,0.710938,0.710938,0.710938,9.8553E-05,9.8553E-05,0.00732199,0.0217014,0.0217014,0.999778,226,142,0,0
audiovis/pixels/audiovis.spec.shape.mirroredbars-bw16_s2_t5.75_preview_con.raw,512,288,0.710938,0.710938,0.710938,0.710938,9.8553E-05,9.8553E-05,0.00732199,0.0217014,0.0217014,0.999778,226,142,0,0
audiovis/pixels/audiovis.spec.shape.mirroredbars-bw1_s0.5_t5.75_export_con.raw,128,72,0.125732,0.125732,0.125732,0.125732,5.8704E-05,5.8704E-05,0.00246973,0.0651042,0.0651042,0.999946,53,35,0,0
audiovis/pixels/audiovis.spec.shape.mirroredbars-bw1_s0.5_t5.75_preview_con.raw,128,72,0.125732,0.125732,0.125732,0.125732,5.8704E-05,5.8704E-05,0.00246973,0.0651042,0.0651042,0.999946,53,35,0,0
audiovis/pixels/audiovis.spec.shape.mirroredbars-bw1_s1_t5.75_export_con.raw,256,144,0.304688,0.304688,0.304688,0.304688,5.06507E-05,5.06507E-05,0.00349639,0.0271267,0.0271267,0.999763,104,70,0,0
audiovis/pixels/audiovis.spec.shape.mirroredbars-bw1_s1_t5.75_preview_con.raw,256,144,0.304688,0.304688,0.304688,0.304688,5.06507E-05,5.06507E-05,0.00349639,0.0271267,0.0271267,0.999763,104,70,0,0
audiovis/pixels/audiovis.spec.shape.mirroredbars-bw1_s2_t5.75_export_con.raw,512,288,0.710938,0.710938,0.710938,0.710938,5.62668E-05,5.62668E-05,0.00536049,0.0135634,0.0135634,0.999785,212,142,0,0
audiovis/pixels/audiovis.spec.shape.mirroredbars-bw1_s2_t5.75_preview_con.raw,512,288,0.710938,0.710938,0.710938,0.710938,5.62668E-05,5.62668E-05,0.00536049,0.0135634,0.0135634,0.999785,212,142,0,0
audiovis/pixels/audiovis.spec.shape.mirroredbars_s0.5_t5.75_export_con.raw,128,72,0.118652,0.118652,0.118652,0.118652,6.37902E-05,6.37902E-05,0.00249712,0.0868056,0.0868056,0.999986,54,35,0,0
audiovis/pixels/audiovis.spec.shape.mirroredbars_s0.5_t5.75_preview_con.raw,128,72,0.118652,0.118652,0.118652,0.118652,6.37902E-05,6.37902E-05,0.00249712,0.0868056,0.0868056,0.999986,54,35,0,0
audiovis/pixels/audiovis.spec.shape.mirroredbars_s1_t5.75_export_con.raw,256,144,0.359375,0.359375,0.359375,0.359375,6.55916E-05,6.55916E-05,0.00402835,0.0488281,0.0488281,0.999934,106,70,0,0
audiovis/pixels/audiovis.spec.shape.mirroredbars_s1_t5.75_preview_con.raw,256,144,0.359375,0.359375,0.359375,0.359375,6.55916E-05,6.55916E-05,0.00402835,0.0488281,0.0488281,0.999934,106,70,0,0
audiovis/pixels/audiovis.spec.shape.mirroredbars_s2_t5.75_export_con.raw,512,288,0.710938,0.710938,0.710938,0.710938,9.8553E-05,9.8553E-05,0.00732199,0.0217014,0.0217014,0.999788,216,142,0,0
audiovis/pixels/audiovis.spec.shape.mirroredbars_s2_t5.75_preview_con.raw,512,288,0.710938,0.710938,0.710938,0.710938,9.8553E-05,9.8553E-05,0.00732199,0.0217014,0.0217014,0.999788,216,142,0,0
audiovis/pixels/audiovis.spec.shape.radial-inner15_s0.5_t5.75_export_con.raw,128,72,0.00488281,0.00488281,0.00488281,0.00488281,6.88765E-07,6.88765E-07,5.21187E-05,0.0325521,0.0108507,1,68,43,0,0
audiovis/pixels/audiovis.spec.shape.radial-inner15_s0.5_t5.75_preview_con.raw,128,72,0.00488281,0.00488281,0.00488281,0.00488281,6.88765E-07,6.88765E-07,5.21187E-05,0.0325521,0.0108507,1,68,43,0,0
audiovis/pixels/audiovis.spec.shape.radial-inner15_s1_t5.75_export_con.raw,256,144,0.000488281,0.000488281,0.000488281,0.000488281,1.32455E-08,1.32455E-08,2.54313E-06,0.00271267,0,1,136,85,0,0
audiovis/pixels/audiovis.spec.shape.radial-inner15_s1_t5.75_preview_con.raw,256,144,0.000488281,0.000488281,0.000488281,0.000488281,1.32455E-08,1.32455E-08,2.54313E-06,0.00271267,0,1,136,85,0,0
audiovis/pixels/audiovis.spec.shape.radial-inner15_s2_t5.75_export_con.raw,512,288,0.0263672,0.0263672,0.0263672,0.0263672,2.1855E-07,2.1855E-07,7.03395E-05,0.00135634,0.00135634,1,273,171,0,0
audiovis/pixels/audiovis.spec.shape.radial-inner15_s2_t5.75_preview_con.raw,512,288,0.0263672,0.0263672,0.0263672,0.0263672,2.1855E-07,2.1855E-07,7.03395E-05,0.00135634,0.00135634,1,273,171,0,0
audiovis/pixels/audiovis.spec.shape.radial-inward-inner0_s0.5_t5.75_export_con.raw,128,72,0.126953,0.126953,0.126953,0.126953,3.87099E-05,3.87099E-05,0.00166374,0.0976562,0.0976562,0.999987,81,59,0,0
audiovis/pixels/audiovis.spec.shape.radial-inward-inner0_s0.5_t5.75_preview_con.raw,128,72,0.126953,0.126953,0.126953,0.126953,3.87099E-05,3.87099E-05,0.00166374,0.0976562,0.0976562,0.999987,81,59,0,0
audiovis/pixels/audiovis.spec.shape.radial-inward-inner0_s1_t5.75_export_con.raw,256,144,0.276611,0.276611,0.276611,0.276611,2.10609E-05,2.10609E-05,0.00190978,0.0217014,0.0189887,0.999988,162,119,0,0
audiovis/pixels/audiovis.spec.shape.radial-inward-inner0_s1_t5.75_preview_con.raw,256,144,0.276611,0.276611,0.276611,0.276611,2.10609E-05,2.10609E-05,0.00190978,0.0217014,0.0189887,0.999988,162,119,0,0
audiovis/pixels/audiovis.spec.shape.radial-inward-inner0_s2_t5.75_export_con.raw,512,288,0.645508,0.645508,0.645508,0.645508,3.11227E-05,3.11227E-05,0.00352041,0.0115289,0.0108507,0.999962,324,239,0,0
audiovis/pixels/audiovis.spec.shape.radial-inward-inner0_s2_t5.75_preview_con.raw,512,288,0.645508,0.645508,0.645508,0.645508,3.11227E-05,3.11227E-05,0.00352041,0.0115289,0.0108507,0.999962,324,239,0,0
audiovis/pixels/audiovis.spec.size.240x120_s0.5_t5.75_export_con.raw,128,72,0.359375,0.359375,0.359375,0.359375,0.000122567,0.000122567,0.00466003,0.119358,0.119358,0.999927,53,64,0,0
audiovis/pixels/audiovis.spec.size.240x120_s0.5_t5.75_preview_con.raw,128,72,0.359375,0.359375,0.359375,0.359375,0.000122567,0.000122567,0.00466003,0.119358,0.119358,0.999927,53,64,0,0
audiovis/pixels/audiovis.spec.size.240x120_s1_t5.75_export_con.raw,256,144,0.710938,0.710938,0.710938,0.710938,0.000102202,0.000102202,0.00685896,0.0271267,0.0271267,0.999849,108,130,0,0
audiovis/pixels/audiovis.spec.size.240x120_s1_t5.75_preview_con.raw,256,144,0.710938,0.710938,0.710938,0.710938,0.000102202,0.000102202,0.00685896,0.0271267,0.0271267,0.999849,108,130,0,0
audiovis/pixels/audiovis.spec.size.240x120_s2_t5.75_export_con.raw,512,288,1,1,1,1,9.64006E-05,9.64006E-05,0.00797046,0.0169542,0.0169542,0.999826,216,260,0,0
audiovis/pixels/audiovis.spec.size.240x120_s2_t5.75_preview_con.raw,512,288,1,1,1,1,9.64006E-05,9.64006E-05,0.00797046,0.0169542,0.0169542,0.999826,216,260,0,0
audiovis/pixels/audiovis.spec.size.241.5x119.5-fractional_s0.5_t5.75_export_con.raw,128,72,0.411621,0.411621,0.411621,0.411621,0.000125433,0.000125433,0.00520801,0.141059,0.130208,0.999906,53,64,0,0
audiovis/pixels/audiovis.spec.size.241.5x119.5-fractional_s0.5_t5.75_preview_con.raw,128,72,0.411621,0.411621,0.411621,0.411621,0.000125433,0.000125433,0.00520801,0.141059,0.130208,0.999906,53,64,0,0
audiovis/pixels/audiovis.spec.size.241.5x119.5-fractional_s1_t5.75_export_con.raw,256,144,0.589844,0.589844,0.589844,0.589844,7.13136E-05,7.13136E-05,0.00493242,0.0325521,0.0325521,0.999928,106,129,0,0
audiovis/pixels/audiovis.spec.size.241.5x119.5-fractional_s1_t5.75_preview_con.raw,256,144,0.589844,0.589844,0.589844,0.589844,7.13136E-05,7.13136E-05,0.00493242,0.0325521,0.0325521,0.999928,106,129,0,0
audiovis/pixels/audiovis.spec.size.241.5x119.5-fractional_s2_t5.75_export_con.raw,512,288,1,1,1,1,8.61333E-05,8.61333E-05,0.00801268,0.0196669,0.0196669,0.999827,212,258,0,0
audiovis/pixels/audiovis.spec.size.241.5x119.5-fractional_s2_t5.75_preview_con.raw,512,288,1,1,1,1,8.61333E-05,8.61333E-05,0.00801268,0.0196669,0.0196669,0.999827,212,258,0,0
audiovis/pixels/audiovis.spec.size.400x60-wide_s0.5_t5.75_export_con.raw,128,72,0.127441,0.127441,0.127441,0.127441,3.41502E-05,3.41502E-05,0.00165961,0.108507,0.108507,0.99999,45,50,0,0
audiovis/pixels/audiovis.spec.size.400x60-wide_s0.5_t5.75_preview_con.raw,128,72,0.127441,0.127441,0.127441,0.127441,3.41502E-05,3.41502E-05,0.00165961,0.108507,0.108507,0.99999,45,50,0,0
audiovis/pixels/audiovis.spec.size.400x60-wide_s1_t5.75_export_con.raw,256,144,0.359375,0.359375,0.359375,0.359375,3.98027E-05,3.98027E-05,0.00337071,0.0217014,0.0217014,0.999946,89,100,0,0
audiovis/pixels/audiovis.spec.size.400x60-wide_s1_t5.75_preview_con.raw,256,144,0.359375,0.359375,0.359375,0.359375,3.98027E-05,3.98027E-05,0.00337071,0.0217014,0.0217014,0.999946,89,100,0,0
audiovis/pixels/audiovis.spec.size.400x60-wide_s2_t5.75_export_con.raw,512,288,0.655762,0.655762,0.655762,0.655762,3.64118E-05,3.64118E-05,0.00439098,0.00949436,0.00949436,0.99995,178,201,0,0
audiovis/pixels/audiovis.spec.size.400x60-wide_s2_t5.75_preview_con.raw,512,288,0.655762,0.655762,0.655762,0.655762,3.64118E-05,3.64118E-05,0.00439098,0.00949436,0.00949436,0.99995,178,201,0,0
audiovis/pixels/audiovis.spec.smoothing.50_s0.5_t5.75_export_con.raw,128,72,0.00244141,0.00244141,0.00244141,0.00244141,5.5631E-07,5.5631E-07,3.26671E-05,0.0325521,0.0217014,1,53,65,0,0
audiovis/pixels/audiovis.spec.smoothing.50_s0.5_t5.75_preview_con.raw,128,72,0.00244141,0.00244141,0.00244141,0.00244141,5.5631E-07,5.5631E-07,3.26671E-05,0.0325521,0.0217014,1,53,65,0,0
audiovis/pixels/audiovis.spec.smoothing.50_s1_t5.75_export_con.raw,256,144,0.015625,0.015625,0.015625,0.015625,9.80165E-07,9.80165E-07,0.000117865,0.00813802,0.00813802,1,106,130,0,0
audiovis/pixels/audiovis.spec.smoothing.50_s1_t5.75_preview_con.raw,256,144,0.015625,0.015625,0.015625,0.015625,9.80165E-07,9.80165E-07,0.000117865,0.00813802,0.00813802,1,106,130,0,0
audiovis/pixels/audiovis.spec.smoothing.50_s2_t5.75_export_con.raw,512,288,0.0351562,0.0351562,0.0351562,0.0351562,1.10269E-06,1.10269E-06,0.000191838,0.00339084,0.00339084,1,212,261,0,0
audiovis/pixels/audiovis.spec.smoothing.50_s2_t5.75_preview_con.raw,512,288,0.0351562,0.0351562,0.0351562,0.0351562,1.10269E-06,1.10269E-06,0.000191838,0.00339084,0.00339084,1,212,261,0,0
audiovis/pixels/audiovis.spec.smoothing.85_s0.5_t5.75_export_con.raw,128,72,0.359375,0.359375,0.359375,0.359375,0.000122567,0.000122567,0.00466003,0.119358,0.119358,0.999927,53,64,0,0
audiovis/pixels/audiovis.spec.smoothing.85_s0.5_t5.75_preview_con.raw,128,72,0.359375,0.359375,0.359375,0.359375,0.000122567,0.000122567,0.00466003,0.119358,0.119358,0.999927,53,64,0,0
audiovis/pixels/audiovis.spec.smoothing.85_s1_t5.75_export_con.raw,256,144,0.710938,0.710938,0.710938,0.710938,0.000102202,0.000102202,0.00685896,0.0271267,0.0271267,0.999849,108,130,0,0
audiovis/pixels/audiovis.spec.smoothing.85_s1_t5.75_preview_con.raw,256,144,0.710938,0.710938,0.710938,0.710938,0.000102202,0.000102202,0.00685896,0.0271267,0.0271267,0.999849,108,130,0,0
audiovis/pixels/audiovis.spec.smoothing.85_s2_t5.75_export_con.raw,512,288,1,1,1,1,9.64006E-05,9.64006E-05,0.00797046,0.0169542,0.0169542,0.999826,216,260,0,0
audiovis/pixels/audiovis.spec.smoothing.85_s2_t5.75_preview_con.raw,512,288,1,1,1,1,9.64006E-05,9.64006E-05,0.00797046,0.0169542,0.0169542,0.999826,216,260,0,0
audiovis/pixels/audiovis.spec.smoothing.99_s0.5_t5.75_export_con.raw,128,72,0.0708008,0.0708008,0.0708008,0.0708008,2.85705E-05,2.85705E-05,0.00110066,0.119358,0.119358,0.999996,55,64,0,0
audiovis/pixels/audiovis.spec.smoothing.99_s0.5_t5.75_preview_con.raw,128,72,0.0708008,0.0708008,0.0708008,0.0708008,2.85705E-05,2.85705E-05,0.00110066,0.119358,0.119358,0.999996,55,64,0,0
audiovis/pixels/audiovis.spec.smoothing.99_s1_t5.75_export_con.raw,256,144,0.113281,0.113281,0.113281,0.113281,2.22524E-05,2.22524E-05,0.00135071,0.0298394,0.0298394,0.999994,114,130,0,0
audiovis/pixels/audiovis.spec.smoothing.99_s1_t5.75_preview_con.raw,256,144,0.113281,0.113281,0.113281,0.113281,2.22524E-05,2.22524E-05,0.00135071,0.0298394,0.0298394,0.999994,114,130,0,0
audiovis/pixels/audiovis.spec.smoothing.99_s2_t5.75_export_con.raw,512,288,0.222656,0.222656,0.222656,0.222656,2.17325E-05,2.17325E-05,0.0018924,0.0176324,0.0176324,0.99999,227,260,0,0
audiovis/pixels/audiovis.spec.smoothing.99_s2_t5.75_preview_con.raw,512,288,0.222656,0.222656,0.222656,0.222656,2.17325E-05,2.17325E-05,0.0018924,0.0176324,0.0176324,0.99999,227,260,0,0
audiovis/pixels/audiovis.state.mixed-scene-scrubbed_s1_t5.75_delivery_coff.raw,256,144,0.201904,0.201904,0.201904,0.201904,0.00256519,0.00256519,0.0141006,9.98806,7.64703,0.996068,168,116,0,0
audiovis/pixels/audiovis.state.mixed-scene-scrubbed_s1_t5.75_export_coff.raw,256,144,0.201904,0.201904,0.201904,0.201904,0.00256519,0.00256519,0.0141006,9.98806,7.64703,0.996068,168,116,0,0
audiovis/pixels/audiovis.state.mixed-scene-scrubbed_s1_t5.75_export_con.raw,256,144,0.383789,0.383789,0.383789,0.383789,0.00451201,0.00451201,0.025391,10.357,8.35232,0.989359,168,117,0,0
audiovis/pixels/audiovis.state.mixed-scene-scrubbed_s1_t5.75_preview_coff.raw,256,144,0.201904,0.201904,0.201904,0.201904,0.00256519,0.00256519,0.0141006,9.98806,7.64703,0.996068,168,116,0,0
audiovis/pixels/audiovis.state.mixed-scene-scrubbed_s1_t5.75_preview_con.raw,256,144,0.383789,0.383789,0.383789,0.383789,0.00451201,0.00451201,0.025391,10.357,8.35232,0.989359,168,117,0,0
audiovis/pixels/audiovis.state.mixed-scene-scrubbed_s2_t5.75_delivery_coff.raw,512,288,0.201172,0.201172,0.201172,0.201172,0.00244677,0.00244677,0.0135637,9.54725,7.40763,0.995685,336,233,0,0
audiovis/pixels/audiovis.state.mixed-scene-scrubbed_s2_t5.75_export_coff.raw,512,288,0.201172,0.201172,0.201172,0.201172,0.00244677,0.00244677,0.0135637,9.54725,7.40763,0.995685,336,233,0,0
audiovis/pixels/audiovis.state.mixed-scene-scrubbed_s2_t5.75_export_con.raw,512,288,0.390869,0.390869,0.390869,0.390869,0.00447345,0.00447345,0.0255275,9.89041,8.07563,0.988166,336,234,0,0
audiovis/pixels/audiovis.state.mixed-scene-scrubbed_s2_t5.75_preview_coff.raw,512,288,0.201172,0.201172,0.201172,0.201172,0.00244677,0.00244677,0.0135637,9.54725,7.40763,0.995685,336,233,0,0
audiovis/pixels/audiovis.state.mixed-scene-scrubbed_s2_t5.75_preview_con.raw,512,288,0.390869,0.390869,0.390869,0.390869,0.00447345,0.00447345,0.0255275,9.89041,8.07563,0.988166,336,234,0,0
audiovis/pixels/audiovis.state.spectrum-smoothing-85_s1_t5.75_delivery_coff.raw,256,144,1,1,1,1,0.00501648,0.00501648,0.0599342,1.10677,1.08236,0.973892,95,52,0,0
audiovis/pixels/audiovis.state.spectrum-smoothing-85_s1_t5.75_export_coff.raw,256,144,1,1,1,1,0.00501648,0.00501648,0.0599342,1.10677,1.08236,0.973892,95,52,0,0
audiovis/pixels/audiovis.state.spectrum-smoothing-85_s1_t5.75_export_con.raw,256,144,1,1,1,1,0.00913543,0.00913543,0.0845389,1.55707,1.55707,0.953583,87,49,0,0
audiovis/pixels/audiovis.state.spectrum-smoothing-85_s1_t5.75_preview_coff.raw,256,144,1,1,1,1,0.00501648,0.00501648,0.0599342,1.10677,1.08236,0.973892,95,52,0,0
audiovis/pixels/audiovis.state.spectrum-smoothing-85_s1_t5.75_preview_con.raw,256,144,1,1,1,1,0.00913543,0.00913543,0.0845389,1.55707,1.55707,0.953583,87,49,0,0
audiovis/pixels/audiovis.state.spectrum-smoothing-85_s2_t5.75_delivery_coff.raw,512,288,1,1,1,1,0.00466508,0.00466508,0.0631063,0.736491,0.736491,0.979625,174,97,0,0
audiovis/pixels/audiovis.state.spectrum-smoothing-85_s2_t5.75_export_coff.raw,512,288,1,1,1,1,0.00466508,0.00466508,0.0631063,0.736491,0.736491,0.979625,174,97,0,0
audiovis/pixels/audiovis.state.spectrum-smoothing-85_s2_t5.75_export_con.raw,512,288,1,1,1,1,0.00902004,0.00902004,0.0902824,1.21867,1.21731,0.967848,174,97,0,0
audiovis/pixels/audiovis.state.spectrum-smoothing-85_s2_t5.75_preview_coff.raw,512,288,1,1,1,1,0.00466508,0.00466508,0.0631063,0.736491,0.736491,0.979625,174,97,0,0
audiovis/pixels/audiovis.state.spectrum-smoothing-85_s2_t5.75_preview_con.raw,512,288,1,1,1,1,0.00902004,0.00902004,0.0902824,1.21867,1.21731,0.967848,174,97,0,0
audiovis/pixels/audiovis.state.spectrum-smoothing-99_s1_t5.75_delivery_coff.raw,256,144,0.132812,0.132812,0.132812,0.132812,0.000323147,0.000323147,0.00545139,0.613064,0.607639,0.998551,165,71,0,0
audiovis/pixels/audiovis.state.spectrum-smoothing-99_s1_t5.75_export_coff.raw,256,144,0.132812,0.132812,0.132812,0.132812,0.000323147,0.000323147,0.00545139,0.613064,0.607639,0.998551,165,71,0,0
audiovis/pixels/audiovis.state.spectrum-smoothing-99_s1_t5.75_export_con.raw,256,144,0.261719,0.261719,0.261719,0.261719,0.000650777,0.000650777,0.010741,0.65918,0.65918,0.995868,121,61,0,0
audiovis/pixels/audiovis.state.spectrum-smoothing-99_s1_t5.75_preview_coff.raw,256,144,0.132812,0.132812,0.132812,0.132812,0.000323147,0.000323147,0.00545139,0.613064,0.607639,0.998551,165,71,0,0
audiovis/pixels/audiovis.state.spectrum-smoothing-99_s1_t5.75_preview_con.raw,256,144,0.261719,0.261719,0.261719,0.261719,0.000650777,0.000650777,0.010741,0.65918,0.65918,0.995868,121,61,0,0
audiovis/pixels/audiovis.state.spectrum-smoothing-99_s2_t5.75_delivery_coff.raw,512,288,0.32605,0.32605,0.32605,0.32605,0.000370925,0.000370925,0.00830766,0.303819,0.303141,0.998868,177,88,0,0
audiovis/pixels/audiovis.state.spectrum-smoothing-99_s2_t5.75_export_coff.raw,512,288,0.32605,0.32605,0.32605,0.32605,0.000370925,0.000370925,0.00830766,0.303819,0.303141,0.998868,177,88,0,0
audiovis/pixels/audiovis.state.spectrum-smoothing-99_s2_t5.75_export_con.raw,512,288,0.523438,0.523438,0.523438,0.523438,0.000755583,0.000755583,0.0157983,0.360786,0.360786,0.996773,327,147,0,0
audiovis/pixels/audiovis.state.spectrum-smoothing-99_s2_t5.75_preview_coff.raw,512,288,0.32605,0.32605,0.32605,0.32605,0.000370925,0.000370925,0.00830766,0.303819,0.303141,0.998868,177,88,0,0
audiovis/pixels/audiovis.state.spectrum-smoothing-99_s2_t5.75_preview_con.raw,512,288,0.523438,0.523438,0.523438,0.523438,0.000755583,0.000755583,0.0157983,0.360786,0.360786,0.996773,327,147,0,0
audiovis/pixels/audiovis.timeline.staggered-elements_s0.5_t5.75_export_con.raw,128,72,0.050293,0.050293,0.050293,0.050293,1.4782E-05,1.4782E-05,0.000639505,0.0868056,0.0868056,0.999999,53,50,0,0
audiovis/pixels/audiovis.timeline.staggered-elements_s0.5_t5.75_preview_con.raw,128,72,0.050293,0.050293,0.050293,0.050293,1.4782E-05,1.4782E-05,0.000639505,0.0868056,0.0868056,0.999999,53,50,0,0
audiovis/pixels/audiovis.timeline.staggered-elements_s1_t5.75_export_con.raw,256,144,0.359375,0.359375,0.359375,0.359375,2.74181E-05,2.74181E-05,0.0027905,0.0135634,0.0135634,0.999971,106,100,0,0
audiovis/pixels/audiovis.timeline.staggered-elements_s1_t5.75_preview_con.raw,256,144,0.359375,0.359375,0.359375,0.359375,2.74181E-05,2.74181E-05,0.0027905,0.0135634,0.0135634,0.999971,106,100,0,0
audiovis/pixels/audiovis.timeline.staggered-elements_s2_t5.75_export_con.raw,512,288,0.655762,0.655762,0.655762,0.655762,2.08418E-05,2.08418E-05,0.00327285,0.00542535,0.00542535,0.999975,212,201,0,0
audiovis/pixels/audiovis.timeline.staggered-elements_s2_t5.75_preview_con.raw,512,288,0.655762,0.655762,0.655762,0.655762,2.08418E-05,2.08418E-05,0.00327285,0.00542535,0.00542535,0.999975,212,201,0,0
audiovis/pixels/audiovis.wave.barcount-line.1024_s2_t5.75_delivery_coff.raw,512,288,0.250977,0.250977,0.250977,0.250977,6.80817E-06,6.80817E-06,0.00130717,0.00271267,0.00271267,0.999985,14,119,0,0
audiovis/pixels/audiovis.wave.barcount-line.1024_s2_t5.75_export_coff.raw,512,288,0.250977,0.250977,0.250977,0.250977,6.80817E-06,6.80817E-06,0.00130717,0.00271267,0.00271267,0.999985,14,119,0,0
audiovis/pixels/audiovis.wave.barcount-line.1024_s2_t5.75_export_con.raw,512,288,0.250977,0.250977,0.250977,0.250977,6.80817E-06,6.80817E-06,0.00130717,0.00271267,0.00271267,0.999985,14,119,0,0
audiovis/pixels/audiovis.wave.barcount-line.1024_s2_t5.75_preview_coff.raw,512,288,0.250977,0.250977,0.250977,0.250977,6.80817E-06,6.80817E-06,0.00130717,0.00271267,0.00271267,0.999985,14,119,0,0
audiovis/pixels/audiovis.wave.barcount-line.1024_s2_t5.75_preview_con.raw,512,288,0.250977,0.250977,0.250977,0.250977,6.80817E-06,6.80817E-06,0.00130717,0.00271267,0.00271267,0.999985,14,119,0,0
audiovis/pixels/audiovis.wave.shape.dots-center-r6_s0.5_t5.75_delivery_coff.raw,128,72,1,1,1,1,0.000651889,0.000651889,0.0233106,0.0868056,0.0868056,0.998543,2,30,0,0
audiovis/pixels/audiovis.wave.shape.dots-center-r6_s0.5_t5.75_export_coff.raw,128,72,1,1,1,1,0.000651889,0.000651889,0.0233106,0.0868056,0.0868056,0.998543,2,30,0,0
audiovis/pixels/audiovis.wave.shape.dots-center-r6_s0.5_t5.75_export_con.raw,128,72,1,1,1,1,0.000651889,0.000651889,0.0233106,0.0868056,0.0868056,0.998543,2,30,0,0
audiovis/pixels/audiovis.wave.shape.dots-center-r6_s0.5_t5.75_preview_coff.raw,128,72,1,1,1,1,0.000651889,0.000651889,0.0233106,0.0868056,0.0868056,0.998543,2,30,0,0
audiovis/pixels/audiovis.wave.shape.dots-center-r6_s0.5_t5.75_preview_con.raw,128,72,1,1,1,1,0.000651889,0.000651889,0.0233106,0.0868056,0.0868056,0.998543,2,30,0,0
audiovis/pixels/audiovis.wave.shape.dots-center-r6_s1_t5.75_delivery_coff.raw,256,144,1,1,1,1,0.00122102,0.00122102,0.033757,0.141059,0.141059,0.995365,6,57,0,0
audiovis/pixels/audiovis.wave.shape.dots-center-r6_s1_t5.75_export_coff.raw,256,144,1,1,1,1,0.00122102,0.00122102,0.033757,0.141059,0.141059,0.995365,6,57,0,0
audiovis/pixels/audiovis.wave.shape.dots-center-r6_s1_t5.75_export_con.raw,256,144,1,1,1,1,0.00122102,0.00122102,0.033757,0.141059,0.141059,0.995365,6,57,0,0
audiovis/pixels/audiovis.wave.shape.dots-center-r6_s1_t5.75_preview_coff.raw,256,144,1,1,1,1,0.00122102,0.00122102,0.033757,0.141059,0.141059,0.995365,6,57,0,0
audiovis/pixels/audiovis.wave.shape.dots-center-r6_s1_t5.75_preview_con.raw,256,144,1,1,1,1,0.00122102,0.00122102,0.033757,0.141059,0.141059,0.995365,6,57,0,0
audiovis/pixels/audiovis.wave.shape.dots-center-r6_s2_t5.75_delivery_coff.raw,512,288,1,1,1,1,0.00153963,0.00153963,0.0386385,0.166151,0.166151,0.996815,14,113,0,0
audiovis/pixels/audiovis.wave.shape.dots-center-r6_s2_t5.75_export_coff.raw,512,288,1,1,1,1,0.00153963,0.00153963,0.0386385,0.166151,0.166151,0.996815,14,113,0,0
audiovis/pixels/audiovis.wave.shape.dots-center-r6_s2_t5.75_export_con.raw,512,288,1,1,1,1,0.00153963,0.00153963,0.0386385,0.166151,0.166151,0.996815,14,113,0,0
audiovis/pixels/audiovis.wave.shape.dots-center-r6_s2_t5.75_preview_coff.raw,512,288,1,1,1,1,0.00153963,0.00153963,0.0386385,0.166151,0.166151,0.996815,14,113,0,0
audiovis/pixels/audiovis.wave.shape.dots-center-r6_s2_t5.75_preview_con.raw,512,288,1,1,1,1,0.00153963,0.00153963,0.0386385,0.166151,0.166151,0.996815,14,113,0,0
audiovis/pixels/audiovis.wave.shape.dots-r20_s0.5_t5.75_delivery_coff.raw,128,72,1,1,1,1,0.024957,0.024957,0.157418,2.53906,2.53906,0.934605,125,16,0,0
audiovis/pixels/audiovis.wave.shape.dots-r20_s0.5_t5.75_export_coff.raw,128,72,1,1,1,1,0.024957,0.024957,0.157418,2.53906,2.53906,0.934605,125,16,0,0
audiovis/pixels/audiovis.wave.shape.dots-r20_s0.5_t5.75_export_con.raw,128,72,1,1,1,1,0.024957,0.024957,0.157418,2.53906,2.53906,0.934605,125,16,0,0
audiovis/pixels/audiovis.wave.shape.dots-r20_s0.5_t5.75_preview_coff.raw,128,72,1,1,1,1,0.024957,0.024957,0.157418,2.53906,2.53906,0.934605,125,16,0,0
audiovis/pixels/audiovis.wave.shape.dots-r20_s0.5_t5.75_preview_con.raw,128,72,1,1,1,1,0.024957,0.024957,0.157418,2.53906,2.53906,0.934605,125,16,0,0
audiovis/pixels/audiovis.wave.shape.dots-r20_s1_t5.75_delivery_coff.raw,256,144,1,1,1,1,0.0293583,0.0293583,0.170971,2.96224,2.96224,0.963034,249,30,0,0
audiovis/pixels/audiovis.wave.shape.dots-r20_s1_t5.75_export_coff.raw,256,144,1,1,1,1,0.0293583,0.0293583,0.170971,2.96224,2.96224,0.963034,249,30,0,0
audiovis/pixels/audiovis.wave.shape.dots-r20_s1_t5.75_export_con.raw,256,144,1,1,1,1,0.0293583,0.0293583,0.170971,2.96224,2.96224,0.963034,249,30,0,0
audiovis/pixels/audiovis.wave.shape.dots-r20_s1_t5.75_preview_coff.raw,256,144,1,1,1,1,0.0293583,0.0293583,0.170971,2.96224,2.96224,0.963034,249,30,0,0
audiovis/pixels/audiovis.wave.shape.dots-r20_s1_t5.75_preview_con.raw,256,144,1,1,1,1,0.0293583,0.0293583,0.170971,2.96224,2.96224,0.963034,249,30,0,0
audiovis/pixels/audiovis.wave.shape.dots-r20_s2_t5.75_delivery_coff.raw,512,288,1,1,1,1,0.0315233,0.0315233,0.177331,3.17722,3.17722,0.964201,497,60,0,0
audiovis/pixels/audiovis.wave.shape.dots-r20_s2_t5.75_export_coff.raw,512,288,1,1,1,1,0.0315233,0.0315233,0.177331,3.17722,3.17722,0.964201,497,60,0,0
audiovis/pixels/audiovis.wave.shape.dots-r20_s2_t5.75_export_con.raw,512,288,1,1,1,1,0.0315233,0.0315233,0.177331,3.17722,3.17722,0.964201,497,60,0,0
audiovis/pixels/audiovis.wave.shape.dots-r20_s2_t5.75_preview_coff.raw,512,288,1,1,1,1,0.0315233,0.0315233,0.177331,3.17722,3.17722,0.964201,497,60,0,0
audiovis/pixels/audiovis.wave.shape.dots-r20_s2_t5.75_preview_con.raw,512,288,1,1,1,1,0.0315233,0.0315233,0.177331,3.17722,3.17722,0.964201,497,60,0,0
audiovis/pixels/audiovis.wave.shape.dots-r5_s0.5_t5.75_delivery_coff.raw,128,72,0.501953,0.501953,0.501953,0.501953,0.00040849,0.00040849,0.0130717,0.108507,0.108507,0.999555,2,25,0,0
audiovis/pixels/audiovis.wave.shape.dots-r5_s0.5_t5.75_export_coff.raw,128,72,0.501953,0.501953,0.501953,0.501953,0.00040849,0.00040849,0.0130717,0.108507,0.108507,0.999555,2,25,0,0
audiovis/pixels/audiovis.wave.shape.dots-r5_s0.5_t5.75_export_con.raw,128,72,0.501953,0.501953,0.501953,0.501953,0.00040849,0.00040849,0.0130717,0.108507,0.108507,0.999555,2,25,0,0
audiovis/pixels/audiovis.wave.shape.dots-r5_s0.5_t5.75_preview_coff.raw,128,72,0.501953,0.501953,0.501953,0.501953,0.00040849,0.00040849,0.0130717,0.108507,0.108507,0.999555,2,25,0,0
audiovis/pixels/audiovis.wave.shape.dots-r5_s0.5_t5.75_preview_con.raw,128,72,0.501953,0.501953,0.501953,0.501953,0.00040849,0.00040849,0.0130717,0.108507,0.108507,0.999555,2,25,0,0
audiovis/pixels/audiovis.wave.shape.dots-r5_s1_t5.75_delivery_coff.raw,256,144,1,1,1,1,0.00124825,0.00124825,0.0339589,0.146484,0.146484,0.993281,6,49,0,0
audiovis/pixels/audiovis.wave.shape.dots-r5_s1_t5.75_export_coff.raw,256,144,1,1,1,1,0.00124825,0.00124825,0.0339589,0.146484,0.146484,0.993281,6,49,0,0
audiovis/pixels/audiovis.wave.shape.dots-r5_s1_t5.75_export_con.raw,256,144,1,1,1,1,0.00124825,0.00124825,0.0339589,0.146484,0.146484,0.993281,6,49,0,0
audiovis/pixels/audiovis.wave.shape.dots-r5_s1_t5.75_preview_coff.raw,256,144,1,1,1,1,0.00124825,0.00124825,0.0339589,0.146484,0.146484,0.993281,6,49,0,0
audiovis/pixels/audiovis.wave.shape.dots-r5_s1_t5.75_preview_con.raw,256,144,1,1,1,1,0.00124825,0.00124825,0.0339589,0.146484,0.146484,0.993281,6,49,0,0
audiovis/pixels/audiovis.wave.shape.dots-r5_s2_t5.75_delivery_coff.raw,512,288,1,1,1,1,0.00171729,0.00171729,0.0403788,0.20006,0.20006,0.996074,14,96,0,0
audiovis/pixels/audiovis.wave.shape.dots-r5_s2_t5.75_export_coff.raw,512,288,1,1,1,1,0.00171729,0.00171729,0.0403788,0.20006,0.20006,0.996074,14,96,0,0
audiovis/pixels/audiovis.wave.shape.dots-r5_s2_t5.75_export_con.raw,512,288,1,1,1,1,0.00171729,0.00171729,0.0403788,0.20006,0.20006,0.996074,14,96,0,0
audiovis/pixels/audiovis.wave.shape.dots-r5_s2_t5.75_preview_coff.raw,512,288,1,1,1,1,0.00171729,0.00171729,0.0403788,0.20006,0.20006,0.996074,14,96,0,0
audiovis/pixels/audiovis.wave.shape.dots-r5_s2_t5.75_preview_con.raw,512,288,1,1,1,1,0.00171729,0.00171729,0.0403788,0.20006,0.20006,0.996074,14,96,0,0
audiovis/pixels/audiovis.wave.shape.line-mirrored-thick-smooth_s2_t5.75_delivery_coff.raw,512,288,0.250977,0.250977,0.250977,0.250977,1.19143E-05,1.19143E-05,0.00172922,0.00474718,0.00474718,0.999964,14,103,0,0
audiovis/pixels/audiovis.wave.shape.line-mirrored-thick-smooth_s2_t5.75_export_coff.raw,512,288,0.250977,0.250977,0.250977,0.250977,1.19143E-05,1.19143E-05,0.00172922,0.00474718,0.00474718,0.999964,14,103,0,0
audiovis/pixels/audiovis.wave.shape.line-mirrored-thick-smooth_s2_t5.75_export_con.raw,512,288,0.250977,0.250977,0.250977,0.250977,1.19143E-05,1.19143E-05,0.00172922,0.00474718,0.00474718,0.999964,14,103,0,0
audiovis/pixels/audiovis.wave.shape.line-mirrored-thick-smooth_s2_t5.75_preview_coff.raw,512,288,0.250977,0.250977,0.250977,0.250977,1.19143E-05,1.19143E-05,0.00172922,0.00474718,0.00474718,0.999964,14,103,0,0
audiovis/pixels/audiovis.wave.shape.line-mirrored-thick-smooth_s2_t5.75_preview_con.raw,512,288,0.250977,0.250977,0.250977,0.250977,1.19143E-05,1.19143E-05,0.00172922,0.00474718,0.00474718,0.999964,14,103,0,0
audiovis/pixels/audiovis.wave.shape.line-thick20_s0.5_t5.75_delivery_coff.raw,128,72,1,1,1,1,0.00618659,0.00618659,0.0751213,0.748698,0.748698,0.986158,2,22,0,0
audiovis/pixels/audiovis.wave.shape.line-thick20_s0.5_t5.75_export_coff.raw,128,72,1,1,1,1,0.00618659,0.00618659,0.0751213,0.748698,0.748698,0.986158,2,22,0,0
audiovis/pixels/audiovis.wave.shape.line-thick20_s0.5_t5.75_export_con.raw,128,72,1,1,1,1,0.00618659,0.00618659,0.0751213,0.748698,0.748698,0.986158,2,22,0,0
audiovis/pixels/audiovis.wave.shape.line-thick20_s0.5_t5.75_preview_coff.raw,128,72,1,1,1,1,0.00618659,0.00618659,0.0751213,0.748698,0.748698,0.986158,2,22,0,0
audiovis/pixels/audiovis.wave.shape.line-thick20_s0.5_t5.75_preview_con.raw,128,72,1,1,1,1,0.00618659,0.00618659,0.0751213,0.748698,0.748698,0.986158,2,22,0,0
audiovis/pixels/audiovis.wave.shape.line-thick20_s1_t5.75_delivery_coff.raw,256,144,1,1,1,1,0.0078676,0.0078676,0.087096,0.854492,0.854492,0.987225,249,42,0,0
audiovis/pixels/audiovis.wave.shape.line-thick20_s1_t5.75_export_coff.raw,256,144,1,1,1,1,0.0078676,0.0078676,0.087096,0.854492,0.854492,0.987225,249,42,0,0
audiovis/pixels/audiovis.wave.shape.line-thick20_s1_t5.75_export_con.raw,256,144,1,1,1,1,0.0078676,0.0078676,0.087096,0.854492,0.854492,0.987225,249,42,0,0
audiovis/pixels/audiovis.wave.shape.line-thick20_s1_t5.75_preview_coff.raw,256,144,1,1,1,1,0.0078676,0.0078676,0.087096,0.854492,0.854492,0.987225,249,42,0,0
audiovis/pixels/audiovis.wave.shape.line-thick20_s1_t5.75_preview_con.raw,256,144,1,1,1,1,0.0078676,0.0078676,0.087096,0.854492,0.854492,0.987225,249,42,0,0
audiovis/pixels/audiovis.wave.shape.line-thick20_s2_t5.75_delivery_coff.raw,512,288,1,1,1,1,0.00876398,0.00876398,0.0928304,0.912137,0.912137,0.987199,497,83,0,0
audiovis/pixels/audiovis.wave.shape.line-thick20_s2_t5.75_export_coff.raw,512,288,1,1,1,1,0.00876398,0.00876398,0.0928304,0.912137,0.912137,0.987199,497,83,0,0
audiovis/pixels/audiovis.wave.shape.line-thick20_s2_t5.75_export_con.raw,512,288,1,1,1,1,0.00876398,0.00876398,0.0928304,0.912137,0.912137,0.987199,497,83,0,0
audiovis/pixels/audiovis.wave.shape.line-thick20_s2_t5.75_preview_coff.raw,512,288,1,1,1,1,0.00876398,0.00876398,0.0928304,0.912137,0.912137,0.987199,497,83,0,0
audiovis/pixels/audiovis.wave.shape.line-thick20_s2_t5.75_preview_con.raw,512,288,1,1,1,1,0.00876398,0.00876398,0.0928304,0.912137,0.912137,0.987199,497,83,0,0
audiovis/pixels/audiovis.wave.shape.line-thick6_s2_t5.75_delivery_coff.raw,512,288,1,1,1,1,8.99434E-05,8.99434E-05,0.00861613,0.0135634,0.0135634,0.999532,14,102,0,0
audiovis/pixels/audiovis.wave.shape.line-thick6_s2_t5.75_export_coff.raw,512,288,1,1,1,1,8.99434E-05,8.99434E-05,0.00861613,0.0135634,0.0135634,0.999532,14,102,0,0
audiovis/pixels/audiovis.wave.shape.line-thick6_s2_t5.75_export_con.raw,512,288,1,1,1,1,8.99434E-05,8.99434E-05,0.00861613,0.0135634,0.0135634,0.999532,14,102,0,0
audiovis/pixels/audiovis.wave.shape.line-thick6_s2_t5.75_preview_coff.raw,512,288,1,1,1,1,8.99434E-05,8.99434E-05,0.00861613,0.0135634,0.0135634,0.999532,14,102,0,0
audiovis/pixels/audiovis.wave.shape.line-thick6_s2_t5.75_preview_con.raw,512,288,1,1,1,1,8.99434E-05,8.99434E-05,0.00861613,0.0135634,0.0135634,0.999532,14,102,0,0
audiovis/pixels/audiovis.xform.spec.rotate30_s0.5_t5.75_export_con.raw,128,72,0.41687,0.41687,0.41687,0.41687,0.000107361,0.000107361,0.00516425,0.130208,0.119358,0.999807,40,55,0,0
audiovis/pixels/audiovis.xform.spec.rotate30_s0.5_t5.75_preview_con.raw,128,72,0.41687,0.41687,0.41687,0.41687,0.000107361,0.000107361,0.00516425,0.130208,0.119358,0.999807,40,55,0,0
audiovis/pixels/audiovis.xform.spec.rotate30_s1_t5.75_export_con.raw,256,144,0.811523,0.811523,0.811523,0.811523,8.25309E-05,8.25309E-05,0.00637218,0.0379774,0.0352648,0.999836,81,112,0,0
audiovis/pixels/audiovis.xform.spec.rotate30_s1_t5.75_preview_con.raw,256,144,0.811523,0.811523,0.811523,0.811523,8.25309E-05,8.25309E-05,0.00637218,0.0379774,0.0352648,0.999836,81,112,0,0
audiovis/pixels/audiovis.xform.spec.rotate30_s2_t5.75_export_con.raw,512,288,1,1,1,1,9.03416E-05,9.03416E-05,0.00784461,0.0203451,0.0196669,0.999803,163,225,0,0
audiovis/pixels/audiovis.xform.spec.rotate30_s2_t5.75_preview_con.raw,512,288,1,1,1,1,9.03416E-05,9.03416E-05,0.00784461,0.0203451,0.0196669,0.999803,163,225,0,0
fxcolor/pixels/fxcolor.chain2.brightness-lut_s0.5_t0_delivery_coff.raw,128,72,0.240112,0.210083,0.210449,0,0.0435317,0,0.0840418,72.678,72.6562,0.975265,71,19,0,0
fxcolor/pixels/fxcolor.chain2.brightness-lut_s0.5_t0_export_coff.raw,128,72,0.240112,0.210083,0.210449,0,0.0435317,0,0.0840418,72.678,72.6562,0.975265,71,19,0,0
fxcolor/pixels/fxcolor.chain2.brightness-lut_s0.5_t0_export_con.raw,128,72,0.240112,0.210083,0.210449,0,0.0435317,0,0.0840418,72.678,72.6562,0.975265,71,19,0,0
fxcolor/pixels/fxcolor.chain2.brightness-lut_s0.5_t0_preview_coff.raw,128,72,0.240112,0.210083,0.210449,0,0.0435317,0,0.0840418,72.678,72.6562,0.975265,71,19,0,0
fxcolor/pixels/fxcolor.chain2.brightness-lut_s0.5_t0_preview_con.raw,128,72,0.240112,0.210083,0.210449,0,0.0435317,0,0.0840418,72.678,72.6562,0.975265,71,19,0,0
fxcolor/pixels/fxcolor.chain2.brightness-lut_s1_t0_delivery_coff.raw,256,144,0.240112,0.210083,0.210449,0,0.0435312,0,0.0843637,71.582,71.5712,0.968146,20,11,0,0
fxcolor/pixels/fxcolor.chain2.brightness-lut_s1_t0_export_coff.raw,256,144,0.240112,0.210083,0.210449,0,0.0435312,0,0.0843637,71.582,71.5712,0.968146,20,11,0,0
fxcolor/pixels/fxcolor.chain2.brightness-lut_s1_t0_export_con.raw,256,144,0.240112,0.210083,0.210449,0,0.0435312,0,0.0843637,71.582,71.5712,0.968146,20,11,0,0
fxcolor/pixels/fxcolor.chain2.brightness-lut_s1_t0_preview_coff.raw,256,144,0.240112,0.210083,0.210449,0,0.0435312,0,0.0843637,71.582,71.5712,0.968146,20,11,0,0
fxcolor/pixels/fxcolor.chain2.brightness-lut_s1_t0_preview_con.raw,256,144,0.240112,0.210083,0.210449,0,0.0435312,0,0.0843637,71.582,71.5712,0.968146,20,11,0,0
fxcolor/pixels/fxcolor.chain2.brightness-lut_s2_t0_delivery_coff.raw,512,288,0.240112,0.210083,0.210449,0,0.0435312,0,0.0843632,71.5793,71.5705,0.970568,323,14,0,0
fxcolor/pixels/fxcolor.chain2.brightness-lut_s2_t0_export_coff.raw,512,288,0.240112,0.210083,0.210449,0,0.0435312,0,0.0843632,71.5793,71.5705,0.970568,323,14,0,0
fxcolor/pixels/fxcolor.chain2.brightness-lut_s2_t0_export_con.raw,512,288,0.240112,0.210083,0.210449,0,0.0435312,0,0.0843632,71.5793,71.5705,0.970568,323,14,0,0
fxcolor/pixels/fxcolor.chain2.brightness-lut_s2_t0_preview_coff.raw,512,288,0.240112,0.210083,0.210449,0,0.0435312,0,0.0843632,71.5793,71.5705,0.970568,323,14,0,0
fxcolor/pixels/fxcolor.chain2.brightness-lut_s2_t0_preview_con.raw,512,288,0.240112,0.210083,0.210449,0,0.0435312,0,0.0843632,71.5793,71.5705,0.970568,323,14,0,0
fxcolor/pixels/fxcolor.chain2.lut-brightness_s0.5_t0_delivery_coff.raw,128,72,0.336304,0.294189,0.294434,0,0.0381002,0,0.0906286,50.3689,50.3472,0.936733,70,19,0,0
fxcolor/pixels/fxcolor.chain2.lut-brightness_s0.5_t0_export_coff.raw,128,72,0.336304,0.294189,0.294434,0,0.0381002,0,0.0906286,50.3689,50.3472,0.936733,70,19,0,0
fxcolor/pixels/fxcolor.chain2.lut-brightness_s0.5_t0_export_con.raw,128,72,0.336304,0.294189,0.294434,0,0.0381002,0,0.0906286,50.3689,50.3472,0.936733,70,19,0,0
fxcolor/pixels/fxcolor.chain2.lut-brightness_s0.5_t0_preview_coff.raw,128,72,0.336304,0.294189,0.294434,0,0.0381002,0,0.0906286,50.3689,50.3472,0.936733,70,19,0,0
fxcolor/pixels/fxcolor.chain2.lut-brightness_s0.5_t0_preview_con.raw,128,72,0.336304,0.294189,0.294434,0,0.0381002,0,0.0906286,50.3689,50.3472,0.936733,70,19,0,0
fxcolor/pixels/fxcolor.chain2.lut-brightness_s1_t0_delivery_coff.raw,256,144,0.336304,0.294189,0.294434,0,0.0380984,0,0.0909703,49.566,49.5416,0.929013,152,19,0,0
fxcolor/pixels/fxcolor.chain2.lut-brightness_s1_t0_export_coff.raw,256,144,0.336304,0.294189,0.294434,0,0.0380984,0,0.0909703,49.566,49.5416,0.929013,152,19,0,0
fxcolor/pixels/fxcolor.chain2.lut-brightness_s1_t0_export_con.raw,256,144,0.336304,0.294189,0.294434,0,0.0380984,0,0.0909703,49.566,49.5416,0.929013,152,19,0,0
fxcolor/pixels/fxcolor.chain2.lut-brightness_s1_t0_preview_coff.raw,256,144,0.336304,0.294189,0.294434,0,0.0380984,0,0.0909703,49.566,49.5416,0.929013,152,19,0,0
fxcolor/pixels/fxcolor.chain2.lut-brightness_s1_t0_preview_con.raw,256,144,0.336304,0.294189,0.294434,0,0.0380984,0,0.0909703,49.566,49.5416,0.929013,152,19,0,0
fxcolor/pixels/fxcolor.chain2.lut-brightness_s2_t0_delivery_coff.raw,512,288,0.336304,0.294189,0.294434,0,0.0380984,0,0.0909685,49.5707,49.5497,0.94101,319,14,0,0
fxcolor/pixels/fxcolor.chain2.lut-brightness_s2_t0_export_coff.raw,512,288,0.336304,0.294189,0.294434,0,0.0380984,0,0.0909685,49.5707,49.5497,0.94101,319,14,0,0
fxcolor/pixels/fxcolor.chain2.lut-brightness_s2_t0_export_con.raw,512,288,0.336304,0.294189,0.294434,0,0.0380984,0,0.0909685,49.5707,49.5497,0.94101,319,14,0,0
fxcolor/pixels/fxcolor.chain2.lut-brightness_s2_t0_preview_coff.raw,512,288,0.336304,0.294189,0.294434,0,0.0380984,0,0.0909685,49.5707,49.5497,0.94101,319,14,0,0
fxcolor/pixels/fxcolor.chain2.lut-brightness_s2_t0_preview_con.raw,512,288,0.336304,0.294189,0.294434,0,0.0380984,0,0.0909685,49.5707,49.5497,0.94101,319,14,0,0
fxcolor/pixels/fxcolor.chain3.lut-lut-brightness_s0.5_t0_delivery_coff.raw,128,72,0.430176,0.43042,0.430664,0,0.0108353,0,0.0608348,12.8689,12.8038,0.960115,117,13,0,0
fxcolor/pixels/fxcolor.chain3.lut-lut-brightness_s0.5_t0_export_coff.raw,128,72,0.430176,0.43042,0.430664,0,0.0108353,0,0.0608348,12.8689,12.8038,0.960115,117,13,0,0
fxcolor/pixels/fxcolor.chain3.lut-lut-brightness_s0.5_t0_export_con.raw,128,72,0.430176,0.43042,0.430664,0,0.0108353,0,0.0608348,12.8689,12.8038,0.960115,117,13,0,0
fxcolor/pixels/fxcolor.chain3.lut-lut-brightness_s0.5_t0_preview_coff.raw,128,72,0.430176,0.43042,0.430664,0,0.0108353,0,0.0608348,12.8689,12.8038,0.960115,117,13,0,0
fxcolor/pixels/fxcolor.chain3.lut-lut-brightness_s0.5_t0_preview_con.raw,128,72,0.430176,0.43042,0.430664,0,0.0108353,0,0.0608348,12.8689,12.8038,0.960115,117,13,0,0
fxcolor/pixels/fxcolor.chain3.lut-lut-brightness_s1_t0_delivery_coff.raw,256,144,0.430176,0.430908,0.430908,0,0.0108107,0,0.0609719,12.66,12.6139,0.952747,69,15,0,0
fxcolor/pixels/fxcolor.chain3.lut-lut-brightness_s1_t0_export_coff.raw,256,144,0.430176,0.430908,0.430908,0,0.0108107,0,0.0609719,12.66,12.6139,0.952747,69,15,0,0
fxcolor/pixels/fxcolor.chain3.lut-lut-brightness_s1_t0_export_con.raw,256,144,0.430176,0.430908,0.430908,0,0.0108107,0,0.0609719,12.66,12.6139,0.952747,69,15,0,0
fxcolor/pixels/fxcolor.chain3.lut-lut-brightness_s1_t0_preview_coff.raw,256,144,0.430176,0.430908,0.430908,0,0.0108107,0,0.0609719,12.66,12.6139,0.952747,69,15,0,0
fxcolor/pixels/fxcolor.chain3.lut-lut-brightness_s1_t0_preview_con.raw,256,144,0.430176,0.430908,0.430908,0,0.0108107,0,0.0609719,12.66,12.6139,0.952747,69,15,0,0
fxcolor/pixels/fxcolor.chain3.lut-lut-brightness_s2_t0_delivery_coff.raw,512,288,0.430176,0.430908,0.430908,0,0.0108146,0,0.0609764,12.6587,12.6112,0.956759,320,15,0,0
fxcolor/pixels/fxcolor.chain3.lut-lut-brightness_s2_t0_export_coff.raw,512,288,0.430176,0.430908,0.430908,0,0.0108146,0,0.0609764,12.6587,12.6112,0.956759,320,15,0,0
fxcolor/pixels/fxcolor.chain3.lut-lut-brightness_s2_t0_export_con.raw,512,288,0.430176,0.430908,0.430908,0,0.0108146,0,0.0609764,12.6587,12.6112,0.956759,320,15,0,0
fxcolor/pixels/fxcolor.chain3.lut-lut-brightness_s2_t0_preview_coff.raw,512,288,0.430176,0.430908,0.430908,0,0.0108146,0,0.0609764,12.6587,12.6112,0.956759,320,15,0,0
fxcolor/pixels/fxcolor.chain3.lut-lut-brightness_s2_t0_preview_con.raw,512,288,0.430176,0.430908,0.430908,0,0.0108146,0,0.0609764,12.6587,12.6112,0.956759,320,15,0,0
fxcolor/pixels/fxcolor.lut.1d-size16-scurve_s0.5_t0_delivery_coff.raw,128,72,0.286743,0.286621,0.286743,0,0.0379465,0,0.0898631,78.6675,77.8971,0.891275,69,10,0,0
fxcolor/pixels/fxcolor.lut.1d-size16-scurve_s0.5_t0_export_coff.raw,128,72,0.286743,0.286621,0.286743,0,0.0379465,0,0.0898631,78.6675,77.8971,0.891275,69,10,0,0
fxcolor/pixels/fxcolor.lut.1d-size16-scurve_s0.5_t0_export_con.raw,128,72,0.286743,0.286621,0.286743,0,0.0379465,0,0.0898631,78.6675,77.8971,0.891275,69,10,0,0
fxcolor/pixels/fxcolor.lut.1d-size16-scurve_s0.5_t0_preview_coff.raw,128,72,0.286743,0.286621,0.286743,0,0.0379465,0,0.0898631,78.6675,77.8971,0.891275,69,10,0,0
fxcolor/pixels/fxcolor.lut.1d-size16-scurve_s0.5_t0_preview_con.raw,128,72,0.286743,0.286621,0.286743,0,0.0379465,0,0.0898631,78.6675,77.8971,0.891275,69,10,0,0
fxcolor/pixels/fxcolor.lut.1d-size16-scurve_s1_t0_delivery_coff.raw,256,144,0.286865,0.286743,0.286743,0,0.0379473,0,0.0902087,77.4278,76.7171,0.904579,31,20,0,0
fxcolor/pixels/fxcolor.lut.1d-size16-scurve_s1_t0_export_coff.raw,256,144,0.286865,0.286743,0.286743,0,0.0379473,0,0.0902087,77.4278,76.7171,0.904579,31,20,0,0
fxcolor/pixels/fxcolor.lut.1d-size16-scurve_s1_t0_export_con.raw,256,144,0.286865,0.286743,0.286743,0,0.0379473,0,0.0902087,77.4278,76.7171,0.904579,31,20,0,0
fxcolor/pixels/fxcolor.lut.1d-size16-scurve_s1_t0_preview_coff.raw,256,144,0.286865,0.286743,0.286743,0,0.0379473,0,0.0902087,77.4278,76.7171,0.904579,31,20,0,0
fxcolor/pixels/fxcolor.lut.1d-size16-scurve_s1_t0_preview_con.raw,256,144,0.286865,0.286743,0.286743,0,0.0379473,0,0.0902087,77.4278,76.7171,0.904579,31,20,0,0
fxcolor/pixels/fxcolor.lut.1d-size16-scurve_s2_t0_delivery_coff.raw,512,288,0.286865,0.286743,0.286743,0,0.037947,0,0.0902084,77.4455,76.7192,0.932911,77,16,0,0
fxcolor/pixels/fxcolor.lut.1d-size16-scurve_s2_t0_export_coff.raw,512,288,0.286865,0.286743,0.286743,0,0.037947,0,0.0902084,77.4455,76.7192,0.932911,77,16,0,0
fxcolor/pixels/fxcolor.lut.1d-size16-scurve_s2_t0_export_con.raw,512,288,0.286865,0.286743,0.286743,0,0.037947,0,0.0902084,77.4455,76.7192,0.932911,77,16,0,0
fxcolor/pixels/fxcolor.lut.1d-size16-scurve_s2_t0_preview_coff.raw,512,288,0.286865,0.286743,0.286743,0,0.037947,0,0.0902084,77.4455,76.7192,0.932911,77,16,0,0
fxcolor/pixels/fxcolor.lut.1d-size16-scurve_s2_t0_preview_con.raw,512,288,0.286865,0.286743,0.286743,0,0.037947,0,0.0902084,77.4455,76.7192,0.932911,77,16,0,0
fxcolor/pixels/fxcolor.lut.1d-size32-invert-red_s0.5_t0_delivery_coff.raw,128,72,0.287109,0.287109,0.287109,0,0.0385099,0,0.0914279,78.7001,77.474,0.852685,87,6,0,0
fxcolor/pixels/fxcolor.lut.1d-size32-invert-red_s0.5_t0_export_coff.raw,128,72,0.287109,0.287109,0.287109,0,0.0385099,0,0.0914279,78.7001,77.474,0.852685,87,6,0,0
fxcolor/pixels/fxcolor.lut.1d-size32-invert-red_s0.5_t0_export_con.raw,128,72,0.287109,0.287109,0.287109,0,0.0385099,0,0.0914279,78.7001,77.474,0.852685,87,6,0,0
fxcolor/pixels/fxcolor.lut.1d-size32-invert-red_s0.5_t0_preview_coff.raw,128,72,0.287109,0.287109,0.287109,0,0.0385099,0,0.0914279,78.7001,77.474,0.852685,87,6,0,0
fxcolor/pixels/fxcolor.lut.1d-size32-invert-red_s0.5_t0_preview_con.raw,128,72,0.287109,0.287109,0.287109,0,0.0385099,0,0.0914279,78.7001,77.474,0.852685,87,6,0,0
fxcolor/pixels/fxcolor.lut.1d-size32-invert-red_s1_t0_delivery_coff.raw,256,144,0.287109,0.287109,0.287109,0,0.0385014,0,0.091784,77.4604,76.2478,0.869046,178,7,0,0
fxcolor/pixels/fxcolor.lut.1d-size32-invert-red_s1_t0_export_coff.raw,256,144,0.287109,0.287109,0.287109,0,0.0385014,0,0.091784,77.4604,76.2478,0.869046,178,7,0,0
fxcolor/pixels/fxcolor.lut.1d-size32-invert-red_s1_t0_export_con.raw,256,144,0.287109,0.287109,0.287109,0,0.0385014,0,0.091784,77.4604,76.2478,0.869046,178,7,0,0
fxcolor/pixels/fxcolor.lut.1d-size32-invert-red_s1_t0_preview_coff.raw,256,144,0.287109,0.287109,0.287109,0,0.0385014,0,0.091784,77.4604,76.2478,0.869046,178,7,0,0
fxcolor/pixels/fxcolor.lut.1d-size32-invert-red_s1_t0_preview_con.raw,256,144,0.287109,0.287109,0.287109,0,0.0385014,0,0.091784,77.4604,76.2478,0.869046,178,7,0,0
fxcolor/pixels/fxcolor.lut.1d-size32-invert-red_s2_t0_delivery_coff.raw,512,288,0.287109,0.287109,0.287109,0,0.0385031,0,0.0917844,77.4814,76.2899,0.890843,192,14,0,0
fxcolor/pixels/fxcolor.lut.1d-size32-invert-red_s2_t0_export_coff.raw,512,288,0.287109,0.287109,0.287109,0,0.0385031,0,0.0917844,77.4814,76.2899,0.890843,192,14,0,0
fxcolor/pixels/fxcolor.lut.1d-size32-invert-red_s2_t0_export_con.raw,512,288,0.287109,0.287109,0.287109,0,0.0385031,0,0.0917844,77.4814,76.2899,0.890843,192,14,0,0
fxcolor/pixels/fxcolor.lut.1d-size32-invert-red_s2_t0_preview_coff.raw,512,288,0.287109,0.287109,0.287109,0,0.0385031,0,0.0917844,77.4814,76.2899,0.890843,192,14,0,0
fxcolor/pixels/fxcolor.lut.1d-size32-invert-red_s2_t0_preview_con.raw,512,288,0.287109,0.287109,0.287109,0,0.0385031,0,0.0917844,77.4814,76.2899,0.890843,192,14,0,0
fxcolor/pixels/fxcolor.lut.1d-strength-40_s0.5_t0_delivery_coff.raw,128,72,0.114807,0.11499,0.114746,0,0.0154027,0,0.0365695,78.0056,75.0434,0.981949,112,5,0,0
fxcolor/pixels/fxcolor.lut.1d-strength-40_s0.5_t0_export_coff.raw,128,72,0.114807,0.11499,0.114746,0,0.0154027,0,0.0365695,78.0056,75.0434,0.981949,112,5,0,0
fxcolor/pixels/fxcolor.lut.1d-strength-40_s0.5_t0_export_con.raw,128,72,0.114807,0.11499,0.114746,0,0.0154027,0,0.0365695,78.0056,75.0434,0.981949,112,5,0,0
fxcolor/pixels/fxcolor.lut.1d-strength-40_s0.5_t0_preview_coff.raw,128,72,0.114807,0.11499,0.114746,0,0.0154027,0,0.0365695,78.0056,75.0434,0.981949,112,5,0,0
fxcolor/pixels/fxcolor.lut.1d-strength-40_s0.5_t0_preview_con.raw,128,72,0.114807,0.11499,0.114746,0,0.0154027,0,0.0365695,78.0056,75.0434,0.981949,112,5,0,0
fxcolor/pixels/fxcolor.lut.1d-strength-40_s1_t0_delivery_coff.raw,256,144,0.114868,0.11499,0.114746,0,0.0153988,0,0.0367109,76.8202,73.8987,0.98428,95,8,0,0
fxcolor/pixels/fxcolor.lut.1d-strength-40_s1_t0_export_coff.raw,256,144,0.114868,0.11499,0.114746,0,0.0153988,0,0.0367109,76.8202,73.8987,0.98428,95,8,0,0
fxcolor/pixels/fxcolor.lut.1d-strength-40_s1_t0_export_con.raw,256,144,0.114868,0.11499,0.114746,0,0.0153988,0,0.0367109,76.8202,73.8987,0.98428,95,8,0,0
fxcolor/pixels/fxcolor.lut.1d-strength-40_s1_t0_preview_coff.raw,256,144,0.114868,0.11499,0.114746,0,0.0153988,0,0.0367109,76.8202,73.8987,0.98428,95,8,0,0
fxcolor/pixels/fxcolor.lut.1d-strength-40_s1_t0_preview_con.raw,256,144,0.114868,0.11499,0.114746,0,0.0153988,0,0.0367109,76.8202,73.8987,0.98428,95,8,0,0
fxcolor/pixels/fxcolor.lut.1d-strength-40_s2_t0_delivery_coff.raw,512,288,0.114807,0.11499,0.114746,0,0.0153998,0,0.0367115,76.8378,73.9027,0.988506,192,14,0,0
fxcolor/pixels/fxcolor.lut.1d-strength-40_s2_t0_export_coff.raw,512,288,0.114807,0.11499,0.114746,0,0.0153998,0,0.0367115,76.8378,73.9027,0.988506,192,14,0,0
fxcolor/pixels/fxcolor.lut.1d-strength-40_s2_t0_export_con.raw,512,288,0.114807,0.11499,0.114746,0,0.0153998,0,0.0367115,76.8378,73.9027,0.988506,192,14,0,0
fxcolor/pixels/fxcolor.lut.1d-strength-40_s2_t0_preview_coff.raw,512,288,0.114807,0.11499,0.114746,0,0.0153998,0,0.0367115,76.8378,73.9027,0.988506,192,14,0,0
fxcolor/pixels/fxcolor.lut.1d-strength-40_s2_t0_preview_con.raw,512,288,0.114807,0.11499,0.114746,0,0.0153998,0,0.0367115,76.8378,73.9027,0.988506,192,14,0,0
fxcolor/pixels/fxcolor.lut.3d-size3-warm_s0.5_t0_delivery_coff.raw,128,72,0.240112,0.210083,0.210205,0,0.0461749,0,0.0871223,73.2205,73.1879,0.96161,11,5,0,0
fxcolor/pixels/fxcolor.lut.3d-size3-warm_s0.5_t0_export_coff.raw,128,72,0.240112,0.210083,0.210205,0,0.0461749,0,0.0871223,73.2205,73.1879,0.96161,11,5,0,0
fxcolor/pixels/fxcolor.lut.3d-size3-warm_s0.5_t0_export_con.raw,128,72,0.240112,0.210083,0.210205,0,0.0461749,0,0.0871223,73.2205,73.1879,0.96161,11,5,0,0
fxcolor/pixels/fxcolor.lut.3d-size3-warm_s0.5_t0_preview_coff.raw,128,72,0.240112,0.210083,0.210205,0,0.0461749,0,0.0871223,73.2205,73.1879,0.96161,11,5,0,0
fxcolor/pixels/fxcolor.lut.3d-size3-warm_s0.5_t0_preview_con.raw,128,72,0.240112,0.210083,0.210205,0,0.0461749,0,0.0871223,73.2205,73.1879,0.96161,11,5,0,0
fxcolor/pixels/fxcolor.lut.3d-size3-warm_s1_t0_delivery_coff.raw,256,144,0.240112,0.210083,0.210205,0,0.046174,0,0.0874538,72.1083,72.0866,0.95573,158,9,0,0
fxcolor/pixels/fxcolor.lut.3d-size3-warm_s1_t0_export_coff.raw,256,144,0.240112,0.210083,0.210205,0,0.046174,0,0.0874538,72.1083,72.0866,0.95573,158,9,0,0
fxcolor/pixels/fxcolor.lut.3d-size3-warm_s1_t0_export_con.raw,256,144,0.240112,0.210083,0.210205,0,0.046174,0,0.0874538,72.1083,72.0866,0.95573,158,9,0,0
fxcolor/pixels/fxcolor.lut.3d-size3-warm_s1_t0_preview_coff.raw,256,144,0.240112,0.210083,0.210205,0,0.046174,0,0.0874538,72.1083,72.0866,0.95573,158,9,0,0
fxcolor/pixels/fxcolor.lut.3d-size3-warm_s1_t0_preview_con.raw,256,144,0.240112,0.210083,0.210205,0,0.046174,0,0.0874538,72.1083,72.0866,0.95573,158,9,0,0
fxcolor/pixels/fxcolor.lut.3d-size3-warm_s2_t0_delivery_coff.raw,512,288,0.240234,0.210083,0.210205,0,0.0461742,0,0.0874538,72.1056,72.0846,0.962693,48,17,0,0
fxcolor/pixels/fxcolor.lut.3d-size3-warm_s2_t0_export_coff.raw,512,288,0.240234,0.210083,0.210205,0,0.0461742,0,0.0874538,72.1056,72.0846,0.962693,48,17,0,0
fxcolor/pixels/fxcolor.lut.3d-size3-warm_s2_t0_export_con.raw,512,288,0.240234,0.210083,0.210205,0,0.0461742,0,0.0874538,72.1056,72.0846,0.962693,48,17,0,0
fxcolor/pixels/fxcolor.lut.3d-size3-warm_s2_t0_preview_coff.raw,512,288,0.240234,0.210083,0.210205,0,0.0461742,0,0.0874538,72.1056,72.0846,0.962693,48,17,0,0
fxcolor/pixels/fxcolor.lut.3d-size3-warm_s2_t0_preview_con.raw,512,288,0.240234,0.210083,0.210205,0,0.0461742,0,0.0874538,72.1056,72.0846,0.962693,48,17,0,0
fxcolor/pixels/fxcolor.lut.3d-size5-cool_s0.5_t0_delivery_coff.raw,128,72,0.272827,0.286499,0.267456,0,0.0618736,0,0.112827,78.776,78.776,0.89742,112,62,0,0
fxcolor/pixels/fxcolor.lut.3d-size5-cool_s0.5_t0_export_coff.raw,128,72,0.272827,0.286499,0.267456,0,0.0618736,0,0.112827,78.776,78.776,0.89742,112,62,0,0
fxcolor/pixels/fxcolor.lut.3d-size5-cool_s0.5_t0_export_con.raw,128,72,0.272827,0.286499,0.267456,0,0.0618736,0,0.112827,78.776,78.776,0.89742,112,62,0,0
fxcolor/pixels/fxcolor.lut.3d-size5-cool_s0.5_t0_preview_coff.raw,128,72,0.272827,0.286499,0.267456,0,0.0618736,0,0.112827,78.776,78.776,0.89742,112,62,0,0
fxcolor/pixels/fxcolor.lut.3d-size5-cool_s0.5_t0_preview_con.raw,128,72,0.272827,0.286499,0.267456,0,0.0618736,0,0.112827,78.776,78.776,0.89742,112,62,0,0
fxcolor/pixels/fxcolor.lut.3d-size5-cool_s1_t0_delivery_coff.raw,256,144,0.272827,0.286621,0.267456,0,0.0618738,0,0.113255,77.5825,77.5825,0.908141,80,17,0,0
fxcolor/pixels/fxcolor.lut.3d-size5-cool_s1_t0_export_coff.raw,256,144,0.272827,0.286621,0.267456,0,0.0618738,0,0.113255,77.5825,77.5825,0.908141,80,17,0,0
fxcolor/pixels/fxcolor.lut.3d-size5-cool_s1_t0_export_con.raw,256,144,0.272827,0.286621,0.267456,0,0.0618738,0,0.113255,77.5825,77.5825,0.908141,80,17,0,0
fxcolor/pixels/fxcolor.lut.3d-size5-cool_s1_t0_preview_coff.raw,256,144,0.272827,0.286621,0.267456,0,0.0618738,0,0.113255,77.5825,77.5825,0.908141,80,17,0,0
fxcolor/pixels/fxcolor.lut.3d-size5-cool_s1_t0_preview_con.raw,256,144,0.272827,0.286621,0.267456,0,0.0618738,0,0.113255,77.5825,77.5825,0.908141,80,17,0,0
fxcolor/pixels/fxcolor.lut.3d-size5-cool_s2_t0_delivery_coff.raw,512,288,0.272827,0.286621,0.267456,0,0.0618735,0,0.113254,77.5825,77.5825,0.926622,172,15,0,0
fxcolor/pixels/fxcolor.lut.3d-size5-cool_s2_t0_export_coff.raw,512,288,0.272827,0.286621,0.267456,0,0.0618735,0,0.113254,77.5825,77.5825,0.926622,172,15,0,0
fxcolor/pixels/fxcolor.lut.3d-size5-cool_s2_t0_export_con.raw,512,288,0.272827,0.286621,0.267456,0,0.0618735,0,0.113254,77.5825,77.5825,0.926622,172,15,0,0
fxcolor/pixels/fxcolor.lut.3d-size5-cool_s2_t0_preview_coff.raw,512,288,0.272827,0.286621,0.267456,0,0.0618735,0,0.113254,77.5825,77.5825,0.926622,172,15,0,0
fxcolor/pixels/fxcolor.lut.3d-size5-cool_s2_t0_preview_con.raw,512,288,0.272827,0.286621,0.267456,0,0.0618735,0,0.113254,77.5825,77.5825,0.926622,172,15,0,0
fxcolor/pixels/fxcolor.lut.3d-strength-50_s0.5_t0_delivery_coff.raw,128,72,0.120117,0.105103,0.105225,0,0.0230686,0,0.0435621,73.2205,73.1879,0.986482,116,21,0,0
fxcolor/pixels/fxcolor.lut.3d-strength-50_s0.5_t0_export_coff.raw,128,72,0.120117,0.105103,0.105225,0,0.0230686,0,0.0435621,73.2205,73.1879,0.986482,116,21,0,0
fxcolor/pixels/fxcolor.lut.3d-strength-50_s0.5_t0_export_con.raw,128,72,0.120117,0.105103,0.105225,0,0.0230686,0,0.0435621,73.2205,73.1879,0.986482,116,21,0,0
fxcolor/pixels/fxcolor.lut.3d-strength-50_s0.5_t0_preview_coff.raw,128,72,0.120117,0.105103,0.105225,0,0.0230686,0,0.0435621,73.2205,73.1879,0.986482,116,21,0,0
fxcolor/pixels/fxcolor.lut.3d-strength-50_s0.5_t0_preview_con.raw,128,72,0.120117,0.105103,0.105225,0,0.0230686,0,0.0435621,73.2205,73.1879,0.986482,116,21,0,0
fxcolor/pixels/fxcolor.lut.3d-strength-50_s1_t0_delivery_coff.raw,256,144,0.120117,0.105103,0.105225,0,0.0230681,0,0.043728,72.1083,72.073,0.984327,20,15,0,0
fxcolor/pixels/fxcolor.lut.3d-strength-50_s1_t0_export_coff.raw,256,144,0.120117,0.105103,0.105225,0,0.0230681,0,0.043728,72.1083,72.073,0.984327,20,15,0,0
fxcolor/pixels/fxcolor.lut.3d-strength-50_s1_t0_export_con.raw,256,144,0.120117,0.105103,0.105225,0,0.0230681,0,0.043728,72.1083,72.073,0.984327,20,15,0,0
fxcolor/pixels/fxcolor.lut.3d-strength-50_s1_t0_preview_coff.raw,256,144,0.120117,0.105103,0.105225,0,0.0230681,0,0.043728,72.1083,72.073,0.984327,20,15,0,0
fxcolor/pixels/fxcolor.lut.3d-strength-50_s1_t0_preview_con.raw,256,144,0.120117,0.105103,0.105225,0,0.0230681,0,0.043728,72.1083,72.073,0.984327,20,15,0,0
fxcolor/pixels/fxcolor.lut.3d-strength-50_s2_t0_delivery_coff.raw,512,288,0.120117,0.105103,0.105225,0,0.0230681,0,0.0437278,72.1056,72.0771,0.987225,50,14,0,0
fxcolor/pixels/fxcolor.lut.3d-strength-50_s2_t0_export_coff.raw,512,288,0.120117,0.105103,0.105225,0,0.0230681,0,0.0437278,72.1056,72.0771,0.987225,50,14,0,0
fxcolor/pixels/fxcolor.lut.3d-strength-50_s2_t0_export_con.raw,512,288,0.120117,0.105103,0.105225,0,0.0230681,0,0.0437278,72.1056,72.0771,0.987225,50,14,0,0
fxcolor/pixels/fxcolor.lut.3d-strength-50_s2_t0_preview_coff.raw,512,288,0.120117,0.105103,0.105225,0,0.0230681,0,0.0437278,72.1056,72.0771,0.987225,50,14,0,0
fxcolor/pixels/fxcolor.lut.3d-strength-50_s2_t0_preview_con.raw,512,288,0.120117,0.105103,0.105225,0,0.0230681,0,0.0437278,72.1056,72.0771,0.987225,50,14,0,0
fxcolor/pixels/fxcolor.lut.3d-strength-oor_s0.5_t0_delivery_coff.raw,128,72,0.240112,0.210083,0.210205,0,0.0461749,0,0.0871223,73.2205,73.1879,0.96161,11,5,0,0
fxcolor/pixels/fxcolor.lut.3d-strength-oor_s0.5_t0_export_coff.raw,128,72,0.240112,0.210083,0.210205,0,0.0461749,0,0.0871223,73.2205,73.1879,0.96161,11,5,0,0
fxcolor/pixels/fxcolor.lut.3d-strength-oor_s0.5_t0_export_con.raw,128,72,0.240112,0.210083,0.210205,0,0.0461749,0,0.0871223,73.2205,73.1879,0.96161,11,5,0,0
fxcolor/pixels/fxcolor.lut.3d-strength-oor_s0.5_t0_preview_coff.raw,128,72,0.240112,0.210083,0.210205,0,0.0461749,0,0.0871223,73.2205,73.1879,0.96161,11,5,0,0
fxcolor/pixels/fxcolor.lut.3d-strength-oor_s0.5_t0_preview_con.raw,128,72,0.240112,0.210083,0.210205,0,0.0461749,0,0.0871223,73.2205,73.1879,0.96161,11,5,0,0
fxcolor/pixels/fxcolor.lut.3d-strength-oor_s1_t0_delivery_coff.raw,256,144,0.240112,0.210083,0.210205,0,0.046174,0,0.0874538,72.1083,72.0866,0.95573,158,9,0,0
fxcolor/pixels/fxcolor.lut.3d-strength-oor_s1_t0_export_coff.raw,256,144,0.240112,0.210083,0.210205,0,0.046174,0,0.0874538,72.1083,72.0866,0.95573,158,9,0,0
fxcolor/pixels/fxcolor.lut.3d-strength-oor_s1_t0_export_con.raw,256,144,0.240112,0.210083,0.210205,0,0.046174,0,0.0874538,72.1083,72.0866,0.95573,158,9,0,0
fxcolor/pixels/fxcolor.lut.3d-strength-oor_s1_t0_preview_coff.raw,256,144,0.240112,0.210083,0.210205,0,0.046174,0,0.0874538,72.1083,72.0866,0.95573,158,9,0,0
fxcolor/pixels/fxcolor.lut.3d-strength-oor_s1_t0_preview_con.raw,256,144,0.240112,0.210083,0.210205,0,0.046174,0,0.0874538,72.1083,72.0866,0.95573,158,9,0,0
fxcolor/pixels/fxcolor.lut.3d-strength-oor_s2_t0_delivery_coff.raw,512,288,0.240234,0.210083,0.210205,0,0.0461742,0,0.0874538,72.1056,72.0846,0.962693,48,17,0,0
fxcolor/pixels/fxcolor.lut.3d-strength-oor_s2_t0_export_coff.raw,512,288,0.240234,0.210083,0.210205,0,0.0461742,0,0.0874538,72.1056,72.0846,0.962693,48,17,0,0
fxcolor/pixels/fxcolor.lut.3d-strength-oor_s2_t0_export_con.raw,512,288,0.240234,0.210083,0.210205,0,0.0461742,0,0.0874538,72.1056,72.0846,0.962693,48,17,0,0
fxcolor/pixels/fxcolor.lut.3d-strength-oor_s2_t0_preview_coff.raw,512,288,0.240234,0.210083,0.210205,0,0.0461742,0,0.0874538,72.1056,72.0846,0.962693,48,17,0,0
fxcolor/pixels/fxcolor.lut.3d-strength-oor_s2_t0_preview_con.raw,512,288,0.240234,0.210083,0.210205,0,0.0461742,0,0.0874538,72.1056,72.0846,0.962693,48,17,0,0
fxcolor/pixels/fxcolor.lut.on-flat_s0.5_t0_delivery_coff.raw,128,72,0,0.18396,0.0244865,0,0.0373195,0,0.0781672,54.6875,54.6875,0.934566,19,9,0,0
fxcolor/pixels/fxcolor.lut.on-flat_s0.5_t0_export_coff.raw,128,72,0,0.18396,0.0244865,0,0.0373195,0,0.0781672,54.6875,54.6875,0.934566,19,9,0,0
fxcolor/pixels/fxcolor.lut.on-flat_s0.5_t0_export_con.raw,128,72,0,0.18396,0.0244865,0,0.0373195,0,0.0781672,54.6875,54.6875,0.934566,19,9,0,0
fxcolor/pixels/fxcolor.lut.on-flat_s0.5_t0_preview_coff.raw,128,72,0,0.18396,0.0244865,0,0.0373195,0,0.0781672,54.6875,54.6875,0.934566,19,9,0,0
fxcolor/pixels/fxcolor.lut.on-flat_s0.5_t0_preview_con.raw,128,72,0,0.18396,0.0244865,0,0.0373195,0,0.0781672,54.6875,54.6875,0.934566,19,9,0,0
fxcolor/pixels/fxcolor.lut.on-flat_s1_t0_delivery_coff.raw,256,144,0,0.18396,0.0244865,0,0.0373195,0,0.078525,53.7109,53.7109,0.941872,38,17,0,0
fxcolor/pixels/fxcolor.lut.on-flat_s1_t0_export_coff.raw,256,144,0,0.18396,0.0244865,0,0.0373195,0,0.078525,53.7109,53.7109,0.941872,38,17,0,0
fxcolor/pixels/fxcolor.lut.on-flat_s1_t0_export_con.raw,256,144,0,0.18396,0.0244865,0,0.0373195,0,0.078525,53.7109,53.7109,0.941872,38,17,0,0
fxcolor/pixels/fxcolor.lut.on-flat_s1_t0_preview_coff.raw,256,144,0,0.18396,0.0244865,0,0.0373195,0,0.078525,53.7109,53.7109,0.941872,38,17,0,0
fxcolor/pixels/fxcolor.lut.on-flat_s1_t0_preview_con.raw,256,144,0,0.18396,0.0244865,0,0.0373195,0,0.078525,53.7109,53.7109,0.941872,38,17,0,0
fxcolor/pixels/fxcolor.lut.on-flat_s2_t0_delivery_coff.raw,512,288,0,0.18396,0.0244865,0,0.0373195,0,0.078525,53.7109,53.7109,0.948478,76,34,0,0
fxcolor/pixels/fxcolor.lut.on-flat_s2_t0_export_coff.raw,512,288,0,0.18396,0.0244865,0,0.0373195,0,0.078525,53.7109,53.7109,0.948478,76,34,0,0
fxcolor/pixels/fxcolor.lut.on-flat_s2_t0_export_con.raw,512,288,0,0.18396,0.0244865,0,0.0373195,0,0.078525,53.7109,53.7109,0.948478,76,34,0,0
fxcolor/pixels/fxcolor.lut.on-flat_s2_t0_preview_coff.raw,512,288,0,0.18396,0.0244865,0,0.0373195,0,0.078525,53.7109,53.7109,0.948478,76,34,0,0
fxcolor/pixels/fxcolor.lut.on-flat_s2_t0_preview_con.raw,512,288,0,0.18396,0.0244865,0,0.0373195,0,0.078525,53.7109,53.7109,0.948478,76,34,0,0
fxcolor/pixels/fxcolor.lut.on-image_s0.5_t0_delivery_coff.raw,128,72,0.23999,0.207886,0.208984,0,0.00975406,0,0.0375966,16.6667,16.6558,0.966528,40,29,0,0
fxcolor/pixels/fxcolor.lut.on-image_s0.5_t0_export_coff.raw,128,72,0.23999,0.207886,0.208984,0,0.00975406,0,0.0375966,16.6667,16.6558,0.966528,40,29,0,0
fxcolor/pixels/fxcolor.lut.on-image_s0.5_t0_export_con.raw,128,72,0.23999,0.207886,0.208984,0,0.00975406,0,0.0375966,16.6667,16.6558,0.966528,40,29,0,0
fxcolor/pixels/fxcolor.lut.on-image_s0.5_t0_preview_coff.raw,128,72,0.23999,0.207886,0.208984,0,0.00975406,0,0.0375966,16.6667,16.6558,0.966528,40,29,0,0
fxcolor/pixels/fxcolor.lut.on-image_s0.5_t0_preview_con.raw,128,72,0.23999,0.207886,0.208984,0,0.00975406,0,0.0375966,16.6667,16.6558,0.966528,40,29,0,0
fxcolor/pixels/fxcolor.lut.on-image_s1_t0_delivery_coff.raw,256,144,0.240234,0.210083,0.210449,0,0.00975348,0,0.0377092,16.6667,16.531,0.955909,150,100,0,0
fxcolor/pixels/fxcolor.lut.on-image_s1_t0_export_coff.raw,256,144,0.240234,0.210083,0.210449,0,0.00975348,0,0.0377092,16.6667,16.531,0.955909,150,100,0,0
fxcolor/pixels/fxcolor.lut.on-image_s1_t0_export_con.raw,256,144,0.240234,0.210083,0.210449,0,0.00975348,0,0.0377092,16.6667,16.531,0.955909,150,100,0,0
fxcolor/pixels/fxcolor.lut.on-image_s1_t0_preview_coff.raw,256,144,0.240234,0.210083,0.210449,0,0.00975348,0,0.0377092,16.6667,16.531,0.955909,150,100,0,0
fxcolor/pixels/fxcolor.lut.on-image_s1_t0_preview_con.raw,256,144,0.240234,0.210083,0.210449,0,0.00975348,0,0.0377092,16.6667,16.531,0.955909,150,100,0,0
fxcolor/pixels/fxcolor.lut.on-image_s2_t0_delivery_coff.raw,512,288,0.240234,0.210205,0.210449,0,0.00975506,0,0.0376957,16.6667,16.5405,0.961777,319,119,0,0
fxcolor/pixels/fxcolor.lut.on-image_s2_t0_export_coff.raw,512,288,0.240234,0.210205,0.210449,0,0.00975506,0,0.0376957,16.6667,16.5405,0.961777,319,119,0,0
fxcolor/pixels/fxcolor.lut.on-image_s2_t0_export_con.raw,512,288,0.240234,0.210205,0.210449,0,0.00975506,0,0.0376957,16.6667,16.5405,0.961777,319,119,0,0
fxcolor/pixels/fxcolor.lut.on-image_s2_t0_preview_coff.raw,512,288,0.240234,0.210205,0.210449,0,0.00975506,0,0.0376957,16.6667,16.5405,0.961777,319,119,0,0
fxcolor/pixels/fxcolor.lut.on-image_s2_t0_preview_con.raw,512,288,0.240234,0.210205,0.210449,0,0.00975506,0,0.0376957,16.6667,16.5405,0.961777,319,119,0,0
fxcolor/pixels/fxcolor.lut.on-semi_s0.5_t0_delivery_coff.raw,128,72,0.0131836,0.0170898,0.0582275,0,0.0174637,0,0.0274201,60.4167,60.4167,0.997593,17,8,0,0
fxcolor/pixels/fxcolor.lut.on-semi_s0.5_t0_export_coff.raw,128,72,0.0131836,0.0170898,0.0582275,0,0.0174637,0,0.0274201,60.4167,60.4167,0.997593,17,8,0,0
fxcolor/pixels/fxcolor.lut.on-semi_s0.5_t0_export_con.raw,128,72,0.0131836,0.0170898,0.0582275,0,0.0174637,0,0.0274201,60.4167,60.4167,0.997593,17,8,0,0
fxcolor/pixels/fxcolor.lut.on-semi_s0.5_t0_preview_coff.raw,128,72,0.0131836,0.0170898,0.0582275,0,0.0174637,0,0.0274201,60.4167,60.4167,0.997593,17,8,0,0
fxcolor/pixels/fxcolor.lut.on-semi_s0.5_t0_preview_con.raw,128,72,0.0131836,0.0170898,0.0582275,0,0.0174637,0,0.0274201,60.4167,60.4167,0.997593,17,8,0,0
fxcolor/pixels/fxcolor.lut.on-semi_s1_t0_delivery_coff.raw,256,144,0.0131836,0.0170898,0.0582275,0,0.0174606,0,0.0275209,59.7873,59.7873,0.998032,33,15,0,0
fxcolor/pixels/fxcolor.lut.on-semi_s1_t0_export_coff.raw,256,144,0.0131836,0.0170898,0.0582275,0,0.0174606,0,0.0275209,59.7873,59.7873,0.998032,33,15,0,0
fxcolor/pixels/fxcolor.lut.on-semi_s1_t0_export_con.raw,256,144,0.0131836,0.0170898,0.0582275,0,0.0174606,0,0.0275209,59.7873,59.7873,0.998032,33,15,0,0
fxcolor/pixels/fxcolor.lut.on-semi_s1_t0_preview_coff.raw,256,144,0.0131836,0.0170898,0.0582275,0,0.0174606,0,0.0275209,59.7873,59.7873,0.998032,33,15,0,0
fxcolor/pixels/fxcolor.lut.on-semi_s1_t0_preview_con.raw,256,144,0.0131836,0.0170898,0.0582275,0,0.0174606,0,0.0275209,59.7873,59.7873,0.998032,33,15,0,0
fxcolor/pixels/fxcolor.lut.on-semi_s2_t0_delivery_coff.raw,512,288,0.0131836,0.0170898,0.0582275,0,0.0174607,0,0.0275809,59.2719,59.2719,0.99831,66,29,0,0
fxcolor/pixels/fxcolor.lut.on-semi_s2_t0_export_coff.raw,512,288,0.0131836,0.0170898,0.0582275,0,0.0174607,0,0.0275809,59.2719,59.2719,0.99831,66,29,0,0
fxcolor/pixels/fxcolor.lut.on-semi_s2_t0_export_con.raw,512,288,0.0131836,0.0170898,0.0582275,0,0.0174607,0,0.0275809,59.2719,59.2719,0.99831,66,29,0,0
fxcolor/pixels/fxcolor.lut.on-semi_s2_t0_preview_coff.raw,512,288,0.0131836,0.0170898,0.0582275,0,0.0174607,0,0.0275809,59.2719,59.2719,0.99831,66,29,0,0
fxcolor/pixels/fxcolor.lut.on-semi_s2_t0_preview_con.raw,512,288,0.0131836,0.0170898,0.0582275,0,0.0174607,0,0.0275809,59.2719,59.2719,0.99831,66,29,0,0
fxcolor/pixels/fxcolor.lut.on-text_s0.5_t0_delivery_coff.raw,128,72,0,0.0532227,0.0516777,0,0.0024425,0,0.0106152,9.27734,9.19054,0.999392,5,29,0,0
fxcolor/pixels/fxcolor.lut.on-text_s0.5_t0_export_coff.raw,128,72,0,0.0532227,0.0516777,0,0.0024425,0,0.0106152,9.27734,9.19054,0.999392,5,29,0,0
fxcolor/pixels/fxcolor.lut.on-text_s0.5_t0_export_con.raw,128,72,0,0.0532227,0.0516777,0,0.0024425,0,0.0106152,9.27734,9.19054,0.999392,5,29,0,0
fxcolor/pixels/fxcolor.lut.on-text_s0.5_t0_preview_coff.raw,128,72,0,0.0532227,0.0516777,0,0.0024425,0,0.0106152,9.27734,9.19054,0.999392,5,29,0,0
fxcolor/pixels/fxcolor.lut.on-text_s0.5_t0_preview_con.raw,128,72,0,0.0532227,0.0516777,0,0.0024425,0,0.0106152,9.27734,9.19054,0.999392,5,29,0,0
fxcolor/pixels/fxcolor.lut.on-text_s1_t0_delivery_coff.raw,256,144,0,0.0532227,0.0516777,0,0.00220663,0,0.0103487,7.57921,7.52224,0.99961,74,58,0,0
fxcolor/pixels/fxcolor.lut.on-text_s1_t0_export_coff.raw,256,144,0,0.0532227,0.0516777,0,0.00220663,0,0.0103487,7.57921,7.52224,0.99961,74,58,0,0
fxcolor/pixels/fxcolor.lut.on-text_s1_t0_export_con.raw,256,144,0,0.0532227,0.0516777,0,0.00220663,0,0.0103487,7.57921,7.52224,0.99961,74,58,0,0
fxcolor/pixels/fxcolor.lut.on-text_s1_t0_preview_coff.raw,256,144,0,0.0532227,0.0516777,0,0.00220663,0,0.0103487,7.57921,7.52224,0.99961,74,58,0,0
fxcolor/pixels/fxcolor.lut.on-text_s1_t0_preview_con.raw,256,144,0,0.0532227,0.0516777,0,0.00220663,0,0.0103487,7.57921,7.52224,0.99961,74,58,0,0
fxcolor/pixels/fxcolor.lut.on-text_s2_t0_delivery_coff.raw,512,288,0,0.0532227,0.0516777,0,0.00205231,0,0.0101514,6.54297,6.50228,0.999722,147,116,0,0
fxcolor/pixels/fxcolor.lut.on-text_s2_t0_export_coff.raw,512,288,0,0.0532227,0.0516777,0,0.00205231,0,0.0101514,6.54297,6.50228,0.999722,147,116,0,0
fxcolor/pixels/fxcolor.lut.on-text_s2_t0_export_con.raw,512,288,0,0.0532227,0.0516777,0,0.00205231,0,0.0101514,6.54297,6.50228,0.999722,147,116,0,0
fxcolor/pixels/fxcolor.lut.on-text_s2_t0_preview_coff.raw,512,288,0,0.0532227,0.0516777,0,0.00205231,0,0.0101514,6.54297,6.50228,0.999722,147,116,0,0
fxcolor/pixels/fxcolor.lut.on-text_s2_t0_preview_con.raw,512,288,0,0.0532227,0.0516777,0,0.00205231,0,0.0101514,6.54297,6.50228,0.999722,147,116,0,0
fxscript/pixels/fxscript.cs.matrix-convolution_s1.5_t0_delivery_coff.raw,384,216,0.5,0.5,0.5,0.5,0.000938576,0.00178235,0.0184547,0.408709,0.408709,0.989432,70,37,0,0
fxscript/pixels/fxscript.cs.matrix-convolution_s1.5_t0_export_coff.raw,384,216,0.5,0.5,0.5,0.5,0.000938576,0.00178235,0.0184547,0.408709,0.408709,0.989432,70,37,0,0
fxscript/pixels/fxscript.cs.matrix-convolution_s1.5_t0_export_con.raw,384,216,0.5,0.5,0.5,0.5,0.000938576,0.00178235,0.0184547,0.408709,0.408709,0.989432,70,37,0,0
fxscript/pixels/fxscript.cs.matrix-convolution_s1.5_t0_preview_coff.raw,384,216,0.5,0.5,0.5,0.5,0.000938576,0.00178235,0.0184547,0.408709,0.408709,0.989432,70,37,0,0
fxscript/pixels/fxscript.cs.matrix-convolution_s1.5_t0_preview_con.raw,384,216,0.5,0.5,0.5,0.5,0.000938576,0.00178235,0.0184547,0.408709,0.408709,0.989432,70,37,0,0
fxscript/pixels/fxscript.cs.matrix-convolution_s2_t0_delivery_coff.raw,512,288,1,1,1,1,0.00712602,0.0123556,0.0702258,1.41602,1.41602,0.906991,94,50,0,0
fxscript/pixels/fxscript.cs.matrix-convolution_s2_t0_export_coff.raw,512,288,1,1,1,1,0.00712602,0.0123556,0.0702258,1.41602,1.41602,0.906991,94,50,0,0
fxscript/pixels/fxscript.cs.matrix-convolution_s2_t0_export_con.raw,512,288,1,1,1,1,0.00712602,0.0123556,0.0702258,1.41602,1.41602,0.906991,94,50,0,0
fxscript/pixels/fxscript.cs.matrix-convolution_s2_t0_preview_coff.raw,512,288,1,1,1,1,0.00712602,0.0123556,0.0702258,1.41602,1.41602,0.906991,94,50,0,0
fxscript/pixels/fxscript.cs.matrix-convolution_s2_t0_preview_con.raw,512,288,1,1,1,1,0.00712602,0.0123556,0.0702258,1.41602,1.41602,0.906991,94,50,0,0
fxspatial/pixels/fxspatial.dispmap.after-blur_s0.5_t0_delivery_coff.raw,128,72,0.0708008,0.0762939,0.116821,0.314941,0.00185907,0.00807428,0.00819297,16.6341,15.0499,0.996091,84,24,0,0
fxspatial/pixels/fxspatial.dispmap.after-blur_s0.5_t0_export_coff.raw,128,72,0.0708008,0.0762939,0.116821,0.314941,0.00185907,0.00807428,0.00819297,16.6341,15.0499,0.996091,84,24,0,0
fxspatial/pixels/fxspatial.dispmap.after-blur_s0.5_t0_export_con.raw,128,72,0.0708008,0.0762939,0.116821,0.314941,0.00185907,0.00807428,0.00819297,16.6341,15.0499,0.996091,84,24,0,0
fxspatial/pixels/fxspatial.dispmap.after-blur_s0.5_t0_preview_coff.raw,128,72,0.0708008,0.0762939,0.116821,0.314941,0.00185907,0.00807428,0.00819297,16.6341,15.0499,0.996091,84,24,0,0
fxspatial/pixels/fxspatial.dispmap.after-blur_s0.5_t0_preview_con.raw,128,72,0.0708008,0.0762939,0.116821,0.314941,0.00185907,0.00807428,0.00819297,16.6341,15.0499,0.996091,84,24,0,0
fxspatial/pixels/fxspatial.dispmap.after-blur_s1_t0_delivery_coff.raw,256,144,0.074707,0.0831299,0.148438,0.369385,0.00186343,0.00808155,0.0083586,15.6087,14.3962,0.994718,167,46,0,0
fxspatial/pixels/fxspatial.dispmap.after-blur_s1_t0_export_coff.raw,256,144,0.074707,0.0831299,0.148438,0.369385,0.00186343,0.00808155,0.0083586,15.6087,14.3962,0.994718,167,46,0,0
fxspatial/pixels/fxspatial.dispmap.after-blur_s1_t0_export_con.raw,256,144,0.074707,0.0831299,0.148438,0.369385,0.00186343,0.00808155,0.0083586,15.6087,14.3962,0.994718,167,46,0,0
fxspatial/pixels/fxspatial.dispmap.after-blur_s1_t0_preview_coff.raw,256,144,0.074707,0.0831299,0.148438,0.369385,0.00186343,0.00808155,0.0083586,15.6087,14.3962,0.994718,167,46,0,0
fxspatial/pixels/fxspatial.dispmap.after-blur_s1_t0_preview_con.raw,256,144,0.074707,0.0831299,0.148438,0.369385,0.00186343,0.00808155,0.0083586,15.6087,14.3962,0.994718,167,46,0,0
fxspatial/pixels/fxspatial.dispmap.after-blur_s2_t0_delivery_coff.raw,512,288,0.0722656,0.0662842,0.127441,0.342041,0.00183816,0.00807554,0.00802605,17.8948,16.4598,0.995278,336,101,0,0
fxspatial/pixels/fxspatial.dispmap.after-blur_s2_t0_export_coff.raw,512,288,0.0722656,0.0662842,0.127441,0.342041,0.00183816,0.00807554,0.00802605,17.8948,16.4598,0.995278,336,101,0,0
fxspatial/pixels/fxspatial.dispmap.after-blur_s2_t0_export_con.raw,512,288,0.0722656,0.0662842,0.127441,0.342041,0.00183816,0.00807554,0.00802605,17.8948,16.4598,0.995278,336,101,0,0
fxspatial/pixels/fxspatial.dispmap.after-blur_s2_t0_preview_coff.raw,512,288,0.0722656,0.0662842,0.127441,0.342041,0.00183816,0.00807554,0.00802605,17.8948,16.4598,0.995278,336,101,0,0
fxspatial/pixels/fxspatial.dispmap.after-blur_s2_t0_preview_con.raw,512,288,0.0722656,0.0662842,0.127441,0.342041,0.00183816,0.00807554,0.00802605,17.8948,16.4598,0.995278,336,101,0,0
fxspatial/pixels/fxspatial.dispmap.before-blur_s0.5_t0_delivery_coff.raw,128,72,0.0345459,0.0217285,0.0688477,0.000976562,0.000993422,5.60372E-06,0.00470994,18.826,12.4783,0.999839,69,44,0,0
fxspatial/pixels/fxspatial.dispmap.before-blur_s0.5_t0_export_coff.raw,128,72,0.0345459,0.0217285,0.0688477,0.000976562,0.000993422,5.60372E-06,0.00470994,18.826,12.4783,0.999839,69,44,0,0
fxspatial/pixels/fxspatial.dispmap.before-blur_s0.5_t0_export_con.raw,128,72,0.0345459,0.0217285,0.0688477,0.000976562,0.000993422,5.60372E-06,0.00470994,18.826,12.4783,0.999839,69,44,0,0
fxspatial/pixels/fxspatial.dispmap.before-blur_s0.5_t0_preview_coff.raw,128,72,0.0345459,0.0217285,0.0688477,0.000976562,0.000993422,5.60372E-06,0.00470994,18.826,12.4783,0.999839,69,44,0,0
fxspatial/pixels/fxspatial.dispmap.before-blur_s0.5_t0_preview_con.raw,128,72,0.0345459,0.0217285,0.0688477,0.000976562,0.000993422,5.60372E-06,0.00470994,18.826,12.4783,0.999839,69,44,0,0
fxspatial/pixels/fxspatial.dispmap.before-blur_s1_t0_delivery_coff.raw,256,144,0.0350952,0.0222168,0.0693359,0.00146484,0.000994313,6.20124E-06,0.00472147,18.7473,12.3996,0.99988,139,88,0,0
fxspatial/pixels/fxspatial.dispmap.before-blur_s1_t0_export_coff.raw,256,144,0.0350952,0.0222168,0.0693359,0.00146484,0.000994313,6.20124E-06,0.00472147,18.7473,12.3996,0.99988,139,88,0,0
fxspatial/pixels/fxspatial.dispmap.before-blur_s1_t0_export_con.raw,256,144,0.0350952,0.0222168,0.0693359,0.00146484,0.000994313,6.20124E-06,0.00472147,18.7473,12.3996,0.99988,139,88,0,0
fxspatial/pixels/fxspatial.dispmap.before-blur_s1_t0_preview_coff.raw,256,144,0.0350952,0.0222168,0.0693359,0.00146484,0.000994313,6.20124E-06,0.00472147,18.7473,12.3996,0.99988,139,88,0,0
fxspatial/pixels/fxspatial.dispmap.before-blur_s1_t0_preview_con.raw,256,144,0.0350952,0.0222168,0.0693359,0.00146484,0.000994313,6.20124E-06,0.00472147,18.7473,12.3996,0.99988,139,88,0,0
fxspatial/pixels/fxspatial.dispmap.before-blur_s2_t0_delivery_coff.raw,512,288,0.0354614,0.0209961,0.0651855,0.000488281,0.000999059,2.33675E-06,0.00470485,19.4716,12.5468,0.999915,278,179,0,0
fxspatial/pixels/fxspatial.dispmap.before-blur_s2_t0_export_coff.raw,512,288,0.0354614,0.0209961,0.0651855,0.000488281,0.000999059,2.33675E-06,0.00470485,19.4716,12.5468,0.999915,278,179,0,0
fxspatial/pixels/fxspatial.dispmap.before-blur_s2_t0_export_con.raw,512,288,0.0354614,0.0209961,0.0651855,0.000488281,0.000999059,2.33675E-06,0.00470485,19.4716,12.5468,0.999915,278,179,0,0
fxspatial/pixels/fxspatial.dispmap.before-blur_s2_t0_preview_coff.raw,512,288,0.0354614,0.0209961,0.0651855,0.000488281,0.000999059,2.33675E-06,0.00470485,19.4716,12.5468,0.999915,278,179,0,0
fxspatial/pixels/fxspatial.dispmap.before-blur_s2_t0_preview_con.raw,512,288,0.0354614,0.0209961,0.0651855,0.000488281,0.000999059,2.33675E-06,0.00470485,19.4716,12.5468,0.999915,278,179,0,0
fxspatial/pixels/fxspatial.dispmap.channel-blue-signed_s0.5_t0_delivery_coff.raw,128,72,0.287354,0.358887,0.0204773,0.000488281,0.0011756,7.94729E-07,0.0111969,5.05642,5.03472,0.99348,64,42,0,0
fxspatial/pixels/fxspatial.dispmap.channel-blue-signed_s0.5_t0_export_coff.raw,128,72,0.287354,0.358887,0.0204773,0.000488281,0.0011756,7.94729E-07,0.0111969,5.05642,5.03472,0.99348,64,42,0,0
fxspatial/pixels/fxspatial.dispmap.channel-blue-signed_s0.5_t0_export_con.raw,128,72,0.287354,0.358887,0.0204773,0.000488281,0.0011756,7.94729E-07,0.0111969,5.05642,5.03472,0.99348,64,42,0,0
fxspatial/pixels/fxspatial.dispmap.channel-blue-signed_s0.5_t0_preview_coff.raw,128,72,0.287354,0.358887,0.0204773,0.000488281,0.0011756,7.94729E-07,0.0111969,5.05642,5.03472,0.99348,64,42,0,0
fxspatial/pixels/fxspatial.dispmap.channel-blue-signed_s0.5_t0_preview_con.raw,128,72,0.287354,0.358887,0.0204773,0.000488281,0.0011756,7.94729E-07,0.0111969,5.05642,5.03472,0.99348,64,42,0,0
fxspatial/pixels/fxspatial.dispmap.channel-blue-signed_s1_t0_delivery_coff.raw,256,144,0.693527,0.451416,0.0485992,0.000976562,0.00121656,7.15256E-07,0.0136526,4.4298,4.39182,0.98387,151,86,0,0
fxspatial/pixels/fxspatial.dispmap.channel-blue-signed_s1_t0_export_coff.raw,256,144,0.693527,0.451416,0.0485992,0.000976562,0.00121656,7.15256E-07,0.0136526,4.4298,4.39182,0.98387,151,86,0,0
fxspatial/pixels/fxspatial.dispmap.channel-blue-signed_s1_t0_export_con.raw,256,144,0.693527,0.451416,0.0485992,0.000976562,0.00121656,7.15256E-07,0.0136526,4.4298,4.39182,0.98387,151,86,0,0
fxspatial/pixels/fxspatial.dispmap.channel-blue-signed_s1_t0_preview_coff.raw,256,144,0.693527,0.451416,0.0485992,0.000976562,0.00121656,7.15256E-07,0.0136526,4.4298,4.39182,0.98387,151,86,0,0
fxspatial/pixels/fxspatial.dispmap.channel-blue-signed_s1_t0_preview_con.raw,256,144,0.693527,0.451416,0.0485992,0.000976562,0.00121656,7.15256E-07,0.0136526,4.4298,4.39182,0.98387,151,86,0,0
fxspatial/pixels/fxspatial.dispmap.channel-blue-signed_s2_t0_delivery_coff.raw,512,288,0.727264,0.444824,0.0513306,0.000976562,0.00120188,6.68897E-07,0.0133913,4.383,4.34435,0.985215,303,176,0,0
fxspatial/pixels/fxspatial.dispmap.channel-blue-signed_s2_t0_export_coff.raw,512,288,0.727264,0.444824,0.0513306,0.000976562,0.00120188,6.68897E-07,0.0133913,4.383,4.34435,0.985215,303,176,0,0
fxspatial/pixels/fxspatial.dispmap.channel-blue-signed_s2_t0_export_con.raw,512,288,0.727264,0.444824,0.0513306,0.000976562,0.00120188,6.68897E-07,0.0133913,4.383,4.34435,0.985215,303,176,0,0
fxspatial/pixels/fxspatial.dispmap.channel-blue-signed_s2_t0_preview_coff.raw,512,288,0.727264,0.444824,0.0513306,0.000976562,0.00120188,6.68897E-07,0.0133913,4.383,4.34435,0.985215,303,176,0,0
fxspatial/pixels/fxspatial.dispmap.channel-blue-signed_s2_t0_preview_con.raw,512,288,0.727264,0.444824,0.0513306,0.000976562,0.00120188,6.68897E-07,0.0133913,4.383,4.34435,0.985215,303,176,0,0
fxspatial/pixels/fxspatial.dispmap.channel-blue_s0.5_t0_delivery_coff.raw,128,72,0.477249,0.164062,0.316589,0.000976562,0.000743448,1.90735E-06,0.0103642,4.12326,4.07986,0.994819,62,42,0,0
fxspatial/pixels/fxspatial.dispmap.channel-blue_s0.5_t0_export_coff.raw,128,72,0.477249,0.164062,0.316589,0.000976562,0.000743448,1.90735E-06,0.0103642,4.12326,4.07986,0.994819,62,42,0,0
fxspatial/pixels/fxspatial.dispmap.channel-blue_s0.5_t0_export_con.raw,128,72,0.477249,0.164062,0.316589,0.000976562,0.000743448,1.90735E-06,0.0103642,4.12326,4.07986,0.994819,62,42,0,0
fxspatial/pixels/fxspatial.dispmap.channel-blue_s0.5_t0_preview_coff.raw,128,72,0.477249,0.164062,0.316589,0.000976562,0.000743448,1.90735E-06,0.0103642,4.12326,4.07986,0.994819,62,42,0,0
fxspatial/pixels/fxspatial.dispmap.channel-blue_s0.5_t0_preview_con.raw,128,72,0.477249,0.164062,0.316589,0.000976562,0.000743448,1.90735E-06,0.0103642,4.12326,4.07986,0.994819,62,42,0,0
fxspatial/pixels/fxspatial.dispmap.channel-blue_s0.75_t0_delivery_coff.raw,192,108,0.534546,0.246948,0.330994,0.000976562,0.000754824,1.83671E-06,0.0106444,4.09915,3.97377,0.99477,95,72,0,0
fxspatial/pixels/fxspatial.dispmap.channel-blue_s0.75_t0_export_coff.raw,192,108,0.534546,0.246948,0.330994,0.000976562,0.000754824,1.83671E-06,0.0106444,4.09915,3.97377,0.99477,95,72,0,0
fxspatial/pixels/fxspatial.dispmap.channel-blue_s0.75_t0_export_con.raw,192,108,0.534546,0.246948,0.330994,0.000976562,0.000754824,1.83671E-06,0.0106444,4.09915,3.97377,0.99477,95,72,0,0
fxspatial/pixels/fxspatial.dispmap.channel-blue_s0.75_t0_preview_coff.raw,192,108,0.534546,0.246948,0.330994,0.000976562,0.000754824,1.83671E-06,0.0106444,4.09915,3.97377,0.99477,95,72,0,0
fxspatial/pixels/fxspatial.dispmap.channel-blue_s0.75_t0_preview_con.raw,192,108,0.534546,0.246948,0.330994,0.000976562,0.000754824,1.83671E-06,0.0106444,4.09915,3.97377,0.99477,95,72,0,0
fxspatial/pixels/fxspatial.dispmap.channel-blue_s1.5_t0_delivery_coff.raw,384,216,0.660294,0.317627,0.489746,0.000976562,0.00073431,1.74252E-06,0.0119667,3.28776,3.26726,0.991337,191,147,0,0
fxspatial/pixels/fxspatial.dispmap.channel-blue_s1.5_t0_export_coff.raw,384,216,0.660294,0.317627,0.489746,0.000976562,0.00073431,1.74252E-06,0.0119667,3.28776,3.26726,0.991337,191,147,0,0
fxspatial/pixels/fxspatial.dispmap.channel-blue_s1.5_t0_export_con.raw,384,216,0.660294,0.317627,0.489746,0.000976562,0.00073431,1.74252E-06,0.0119667,3.28776,3.26726,0.991337,191,147,0,0
fxspatial/pixels/fxspatial.dispmap.channel-blue_s1.5_t0_preview_coff.raw,384,216,0.660294,0.317627,0.489746,0.000976562,0.00073431,1.74252E-06,0.0119667,3.28776,3.26726,0.991337,191,147,0,0
fxspatial/pixels/fxspatial.dispmap.channel-blue_s1.5_t0_preview_con.raw,384,216,0.660294,0.317627,0.489746,0.000976562,0.00073431,1.74252E-06,0.0119667,3.28776,3.26726,0.991337,191,147,0,0
fxspatial/pixels/fxspatial.dispmap.channel-blue_s1_t0_delivery_coff.raw,256,144,0.646317,0.298828,0.47522,0.000976562,0.000749337,1.80138E-06,0.0121478,3.46408,3.44781,0.992328,127,97,0,0
fxspatial/pixels/fxspatial.dispmap.channel-blue_s1_t0_export_coff.raw,256,144,0.646317,0.298828,0.47522,0.000976562,0.000749337,1.80138E-06,0.0121478,3.46408,3.44781,0.992328,127,97,0,0
fxspatial/pixels/fxspatial.dispmap.channel-blue_s1_t0_export_con.raw,256,144,0.646317,0.298828,0.47522,0.000976562,0.000749337,1.80138E-06,0.0121478,3.46408,3.44781,0.992328,127,97,0,0
fxspatial/pixels/fxspatial.dispmap.channel-blue_s1_t0_preview_coff.raw,256,144,0.646317,0.298828,0.47522,0.000976562,0.000749337,1.80138E-06,0.0121478,3.46408,3.44781,0.992328,127,97,0,0
fxspatial/pixels/fxspatial.dispmap.channel-blue_s1_t0_preview_con.raw,256,144,0.646317,0.298828,0.47522,0.000976562,0.000749337,1.80138E-06,0.0121478,3.46408,3.44781,0.992328,127,97,0,0
fxspatial/pixels/fxspatial.dispmap.channel-blue_s2_t0_delivery_coff.raw,512,288,0.680115,0.334717,0.50116,0.000976562,0.00076789,1.78814E-06,0.0122944,3.47968,3.46205,0.991372,255,198,0,0
fxspatial/pixels/fxspatial.dispmap.channel-blue_s2_t0_export_coff.raw,512,288,0.680115,0.334717,0.50116,0.000976562,0.00076789,1.78814E-06,0.0122944,3.47968,3.46205,0.991372,255,198,0,0
fxspatial/pixels/fxspatial.dispmap.channel-blue_s2_t0_export_con.raw,512,288,0.680115,0.334717,0.50116,0.000976562,0.00076789,1.78814E-06,0.0122944,3.47968,3.46205,0.991372,255,198,0,0
fxspatial/pixels/fxspatial.dispmap.channel-blue_s2_t0_preview_coff.raw,512,288,0.680115,0.334717,0.50116,0.000976562,0.00076789,1.78814E-06,0.0122944,3.47968,3.46205,0.991372,255,198,0,0
fxspatial/pixels/fxspatial.dispmap.channel-blue_s2_t0_preview_con.raw,512,288,0.680115,0.334717,0.50116,0.000976562,0.00076789,1.78814E-06,0.0122944,3.47968,3.46205,0.991372,255,198,0,0
fxspatial/pixels/fxspatial.dispmap.channel-blue_s3_t0_delivery_coff.raw,768,432,0.693527,0.341553,0.517883,0.000976562,0.000756013,1.82199E-06,0.0121877,3.45534,3.43937,0.993148,383,300,0,0
fxspatial/pixels/fxspatial.dispmap.channel-blue_s3_t0_export_coff.raw,768,432,0.693527,0.341553,0.517883,0.000976562,0.000756013,1.82199E-06,0.0121877,3.45534,3.43937,0.993148,383,300,0,0
fxspatial/pixels/fxspatial.dispmap.channel-blue_s3_t0_export_con.raw,768,432,0.693527,0.341553,0.517883,0.000976562,0.000756013,1.82199E-06,0.0121877,3.45534,3.43937,0.993148,383,300,0,0
fxspatial/pixels/fxspatial.dispmap.channel-blue_s3_t0_preview_coff.raw,768,432,0.693527,0.341553,0.517883,0.000976562,0.000756013,1.82199E-06,0.0121877,3.45534,3.43937,0.993148,383,300,0,0
fxspatial/pixels/fxspatial.dispmap.channel-blue_s3_t0_preview_con.raw,768,432,0.693527,0.341553,0.517883,0.000976562,0.000756013,1.82199E-06,0.0121877,3.45534,3.43937,0.993148,383,300,0,0
fxspatial/pixels/fxspatial.dispmap.channel-green-signed_s0.5_t0_delivery_coff.raw,128,72,0.850159,0.425049,0.573242,0.000976562,0.00430911,3.76172E-06,0.0351927,8.26823,8.24653,0.977535,61,51,0,0
fxspatial/pixels/fxspatial.dispmap.channel-green-signed_s0.5_t0_export_coff.raw,128,72,0.850159,0.425049,0.573242,0.000976562,0.00430911,3.76172E-06,0.0351927,8.26823,8.24653,0.977535,61,51,0,0
fxspatial/pixels/fxspatial.dispmap.channel-green-signed_s0.5_t0_export_con.raw,128,72,0.850159,0.425049,0.573242,0.000976562,0.00430911,3.76172E-06,0.0351927,8.26823,8.24653,0.977535,61,51,0,0
fxspatial/pixels/fxspatial.dispmap.channel-green-signed_s0.5_t0_preview_coff.raw,128,72,0.850159,0.425049,0.573242,0.000976562,0.00430911,3.76172E-06,0.0351927,8.26823,8.24653,0.977535,61,51,0,0
fxspatial/pixels/fxspatial.dispmap.channel-green-signed_s0.5_t0_preview_con.raw,128,72,0.850159,0.425049,0.573242,0.000976562,0.00430911,3.76172E-06,0.0351927,8.26823,8.24653,0.977535,61,51,0,0
fxspatial/pixels/fxspatial.dispmap.channel-green-signed_s1_t0_delivery_coff.raw,256,144,0.850159,0.425049,0.577637,0.000976562,0.00438136,3.84119E-06,0.0381155,7.99696,7.97526,0.962555,122,102,0,0
fxspatial/pixels/fxspatial.dispmap.channel-green-signed_s1_t0_export_coff.raw,256,144,0.850159,0.425049,0.577637,0.000976562,0.00438136,3.84119E-06,0.0381155,7.99696,7.97526,0.962555,122,102,0,0
fxspatial/pixels/fxspatial.dispmap.channel-green-signed_s1_t0_export_con.raw,256,144,0.850159,0.425049,0.577637,0.000976562,0.00438136,3.84119E-06,0.0381155,7.99696,7.97526,0.962555,122,102,0,0
fxspatial/pixels/fxspatial.dispmap.channel-green-signed_s1_t0_preview_coff.raw,256,144,0.850159,0.425049,0.577637,0.000976562,0.00438136,3.84119E-06,0.0381155,7.99696,7.97526,0.962555,122,102,0,0
fxspatial/pixels/fxspatial.dispmap.channel-green-signed_s1_t0_preview_con.raw,256,144,0.850159,0.425049,0.577637,0.000976562,0.00438136,3.84119E-06,0.0381155,7.99696,7.97526,0.962555,122,102,0,0
fxspatial/pixels/fxspatial.dispmap.channel-green-signed_s2_t0_delivery_coff.raw,512,288,0.850159,0.44751,0.577637,0.000976562,0.00437528,3.69549E-06,0.0382025,7.94542,7.92508,0.967131,246,203,0,0
fxspatial/pixels/fxspatial.dispmap.channel-green-signed_s2_t0_export_coff.raw,512,288,0.850159,0.44751,0.577637,0.000976562,0.00437528,3.69549E-06,0.0382025,7.94542,7.92508,0.967131,246,203,0,0
fxspatial/pixels/fxspatial.dispmap.channel-green-signed_s2_t0_export_con.raw,512,288,0.850159,0.44751,0.577637,0.000976562,0.00437528,3.69549E-06,0.0382025,7.94542,7.92508,0.967131,246,203,0,0
fxspatial/pixels/fxspatial.dispmap.channel-green-signed_s2_t0_preview_coff.raw,512,288,0.850159,0.44751,0.577637,0.000976562,0.00437528,3.69549E-06,0.0382025,7.94542,7.92508,0.967131,246,203,0,0
fxspatial/pixels/fxspatial.dispmap.channel-green-signed_s2_t0_preview_con.raw,512,288,0.850159,0.44751,0.577637,0.000976562,0.00437528,3.69549E-06,0.0382025,7.94542,7.92508,0.967131,246,203,0,0
fxspatial/pixels/fxspatial.dispmap.channel-green_s0.5_t0_delivery_coff.raw,128,72,0.732101,0.37793,0.531616,0.000976562,0.00218457,2.86102E-06,0.022007,7.33507,7.26997,0.989587,57,51,0,0
fxspatial/pixels/fxspatial.dispmap.channel-green_s0.5_t0_export_coff.raw,128,72,0.732101,0.37793,0.531616,0.000976562,0.00218457,2.86102E-06,0.022007,7.33507,7.26997,0.989587,57,51,0,0
fxspatial/pixels/fxspatial.dispmap.channel-green_s0.5_t0_export_con.raw,128,72,0.732101,0.37793,0.531616,0.000976562,0.00218457,2.86102E-06,0.022007,7.33507,7.26997,0.989587,57,51,0,0
fxspatial/pixels/fxspatial.dispmap.channel-green_s0.5_t0_preview_coff.raw,128,72,0.732101,0.37793,0.531616,0.000976562,0.00218457,2.86102E-06,0.022007,7.33507,7.26997,0.989587,57,51,0,0
fxspatial/pixels/fxspatial.dispmap.channel-green_s0.5_t0_preview_con.raw,128,72,0.732101,0.37793,0.531616,0.000976562,0.00218457,2.86102E-06,0.022007,7.33507,7.26997,0.989587,57,51,0,0
fxspatial/pixels/fxspatial.dispmap.channel-green_s0.75_t0_delivery_coff.raw,192,108,0.734192,0.384277,0.541626,0.000976562,0.00218075,2.75506E-06,0.0225678,7.33025,7.20004,0.985231,86,77,0,0
fxspatial/pixels/fxspatial.dispmap.channel-green_s0.75_t0_export_coff.raw,192,108,0.734192,0.384277,0.541626,0.000976562,0.00218075,2.75506E-06,0.0225678,7.33025,7.20004,0.985231,86,77,0,0
fxspatial/pixels/fxspatial.dispmap.channel-green_s0.75_t0_export_con.raw,192,108,0.734192,0.384277,0.541626,0.000976562,0.00218075,2.75506E-06,0.0225678,7.33025,7.20004,0.985231,86,77,0,0
fxspatial/pixels/fxspatial.dispmap.channel-green_s0.75_t0_preview_coff.raw,192,108,0.734192,0.384277,0.541626,0.000976562,0.00218075,2.75506E-06,0.0225678,7.33025,7.20004,0.985231,86,77,0,0
fxspatial/pixels/fxspatial.dispmap.channel-green_s0.75_t0_preview_con.raw,192,108,0.734192,0.384277,0.541626,0.000976562,0.00218075,2.75506E-06,0.0225678,7.33025,7.20004,0.985231,86,77,0,0
fxspatial/pixels/fxspatial.dispmap.channel-green_s1.5_t0_delivery_coff.raw,384,216,0.740677,0.390869,0.549561,0.000976562,0.00220413,2.75506E-06,0.0243488,6.53453,6.52488,0.982731,169,155,0,0
fxspatial/pixels/fxspatial.dispmap.channel-green_s1.5_t0_export_coff.raw,384,216,0.740677,0.390869,0.549561,0.000976562,0.00220413,2.75506E-06,0.0243488,6.53453,6.52488,0.982731,169,155,0,0
fxspatial/pixels/fxspatial.dispmap.channel-green_s1.5_t0_export_con.raw,384,216,0.740677,0.390869,0.549561,0.000976562,0.00220413,2.75506E-06,0.0243488,6.53453,6.52488,0.982731,169,155,0,0
fxspatial/pixels/fxspatial.dispmap.channel-green_s1.5_t0_preview_coff.raw,384,216,0.740677,0.390869,0.549561,0.000976562,0.00220413,2.75506E-06,0.0243488,6.53453,6.52488,0.982731,169,155,0,0
fxspatial/pixels/fxspatial.dispmap.channel-green_s1.5_t0_preview_con.raw,384,216,0.740677,0.390869,0.549561,0.000976562,0.00220413,2.75506E-06,0.0243488,6.53453,6.52488,0.982731,169,155,0,0
fxspatial/pixels/fxspatial.dispmap.channel-green_s1_t0_delivery_coff.raw,256,144,0.735123,0.390869,0.549561,0.000976562,0.00220237,2.80804E-06,0.024349,6.80339,6.7844,0.979655,115,102,0,0
fxspatial/pixels/fxspatial.dispmap.channel-green_s1_t0_export_coff.raw,256,144,0.735123,0.390869,0.549561,0.000976562,0.00220237,2.80804E-06,0.024349,6.80339,6.7844,0.979655,115,102,0,0
fxspatial/pixels/fxspatial.dispmap.channel-green_s1_t0_export_con.raw,256,144,0.735123,0.390869,0.549561,0.000976562,0.00220237,2.80804E-06,0.024349,6.80339,6.7844,0.979655,115,102,0,0
fxspatial/pixels/fxspatial.dispmap.channel-green_s1_t0_preview_coff.raw,256,144,0.735123,0.390869,0.549561,0.000976562,0.00220237,2.80804E-06,0.024349,6.80339,6.7844,0.979655,115,102,0,0
fxspatial/pixels/fxspatial.dispmap.channel-green_s1_t0_preview_con.raw,256,144,0.735123,0.390869,0.549561,0.000976562,0.00220237,2.80804E-06,0.024349,6.80339,6.7844,0.979655,115,102,0,0
fxspatial/pixels/fxspatial.dispmap.channel-green_s2_t0_delivery_coff.raw,512,288,0.750458,0.390869,0.549561,0.000976562,0.00220709,2.75506E-06,0.0243447,6.74235,6.73014,0.982643,228,207,0,0
fxspatial/pixels/fxspatial.dispmap.channel-green_s2_t0_export_coff.raw,512,288,0.750458,0.390869,0.549561,0.000976562,0.00220709,2.75506E-06,0.0243447,6.74235,6.73014,0.982643,228,207,0,0
fxspatial/pixels/fxspatial.dispmap.channel-green_s2_t0_export_con.raw,512,288,0.750458,0.390869,0.549561,0.000976562,0.00220709,2.75506E-06,0.0243447,6.74235,6.73014,0.982643,228,207,0,0
fxspatial/pixels/fxspatial.dispmap.channel-green_s2_t0_preview_coff.raw,512,288,0.750458,0.390869,0.549561,0.000976562,0.00220709,2.75506E-06,0.0243447,6.74235,6.73014,0.982643,228,207,0,0
fxspatial/pixels/fxspatial.dispmap.channel-green_s2_t0_preview_con.raw,512,288,0.750458,0.390869,0.549561,0.000976562,0.00220709,2.75506E-06,0.0243447,6.74235,6.73014,0.982643,228,207,0,0
fxspatial/pixels/fxspatial.dispmap.channel-green_s3_t0_delivery_coff.raw,768,432,0.750473,0.390869,0.549561,0.000976562,0.00221632,2.79627E-06,0.0244135,6.75546,6.7422,0.985919,344,311,0,0
fxspatial/pixels/fxspatial.dispmap.channel-green_s3_t0_export_coff.raw,768,432,0.750473,0.390869,0.549561,0.000976562,0.00221632,2.79627E-06,0.0244135,6.75546,6.7422,0.985919,344,311,0,0
fxspatial/pixels/fxspatial.dispmap.channel-green_s3_t0_export_con.raw,768,432,0.750473,0.390869,0.549561,0.000976562,0.00221632,2.79627E-06,0.0244135,6.75546,6.7422,0.985919,344,311,0,0
fxspatial/pixels/fxspatial.dispmap.channel-green_s3_t0_preview_coff.raw,768,432,0.750473,0.390869,0.549561,0.000976562,0.00221632,2.79627E-06,0.0244135,6.75546,6.7422,0.985919,344,311,0,0
fxspatial/pixels/fxspatial.dispmap.channel-green_s3_t0_preview_con.raw,768,432,0.750473,0.390869,0.549561,0.000976562,0.00221632,2.79627E-06,0.0244135,6.75546,6.7422,0.985919,344,311,0,0
fxspatial/pixels/fxspatial.dispmap.channel-luminance-signed_s0.5_t0_delivery_coff.raw,128,72,0.848434,0.485596,0.609009,0.000976562,0.00395792,4.50346E-06,0.0325341,9.4401,9.375,0.97542,64,51,0,0
fxspatial/pixels/fxspatial.dispmap.channel-luminance-signed_s0.5_t0_export_coff.raw,128,72,0.848434,0.485596,0.609009,0.000976562,0.00395792,4.50346E-06,0.0325341,9.4401,9.375,0.97542,64,51,0,0
fxspatial/pixels/fxspatial.dispmap.channel-luminance-signed_s0.5_t0_export_con.raw,128,72,0.848434,0.485596,0.609009,0.000976562,0.00395792,4.50346E-06,0.0325341,9.4401,9.375,0.97542,64,51,0,0
fxspatial/pixels/fxspatial.dispmap.channel-luminance-signed_s0.5_t0_preview_coff.raw,128,72,0.848434,0.485596,0.609009,0.000976562,0.00395792,4.50346E-06,0.0325341,9.4401,9.375,0.97542,64,51,0,0
fxspatial/pixels/fxspatial.dispmap.channel-luminance-signed_s0.5_t0_preview_con.raw,128,72,0.848434,0.485596,0.609009,0.000976562,0.00395792,4.50346E-06,0.0325341,9.4401,9.375,0.97542,64,51,0,0
fxspatial/pixels/fxspatial.dispmap.channel-luminance-signed_s1_t0_delivery_coff.raw,256,144,0.849335,0.485596,0.623169,0.000976562,0.00400734,4.45048E-06,0.0356129,9.10916,9.05762,0.95966,131,99,0,0
fxspatial/pixels/fxspatial.dispmap.channel-luminance-signed_s1_t0_export_coff.raw,256,144,0.849335,0.485596,0.623169,0.000976562,0.00400734,4.45048E-06,0.0356129,9.10916,9.05762,0.95966,131,99,0,0
fxspatial/pixels/fxspatial.dispmap.channel-luminance-signed_s1_t0_export_con.raw,256,144,0.849335,0.485596,0.623169,0.000976562,0.00400734,4.45048E-06,0.0356129,9.10916,9.05762,0.95966,131,99,0,0
fxspatial/pixels/fxspatial.dispmap.channel-luminance-signed_s1_t0_preview_coff.raw,256,144,0.849335,0.485596,0.623169,0.000976562,0.00400734,4.45048E-06,0.0356129,9.10916,9.05762,0.95966,131,99,0,0
fxspatial/pixels/fxspatial.dispmap.channel-luminance-signed_s1_t0_preview_con.raw,256,144,0.849335,0.485596,0.623169,0.000976562,0.00400734,4.45048E-06,0.0356129,9.10916,9.05762,0.95966,131,99,0,0
fxspatial/pixels/fxspatial.dispmap.channel-luminance-signed_s2_t0_delivery_coff.raw,512,288,0.849335,0.485596,0.636841,0.000976562,0.00400813,4.28491E-06,0.0356804,9.08271,9.0332,0.966511,261,198,0,0
fxspatial/pixels/fxspatial.dispmap.channel-luminance-signed_s2_t0_export_coff.raw,512,288,0.849335,0.485596,0.636841,0.000976562,0.00400813,4.28491E-06,0.0356804,9.08271,9.0332,0.966511,261,198,0,0
fxspatial/pixels/fxspatial.dispmap.channel-luminance-signed_s2_t0_export_con.raw,512,288,0.849335,0.485596,0.636841,0.000976562,0.00400813,4.28491E-06,0.0356804,9.08271,9.0332,0.966511,261,198,0,0
fxspatial/pixels/fxspatial.dispmap.channel-luminance-signed_s2_t0_preview_coff.raw,512,288,0.849335,0.485596,0.636841,0.000976562,0.00400813,4.28491E-06,0.0356804,9.08271,9.0332,0.966511,261,198,0,0
fxspatial/pixels/fxspatial.dispmap.channel-luminance-signed_s2_t0_preview_con.raw,512,288,0.849335,0.485596,0.636841,0.000976562,0.00400813,4.28491E-06,0.0356804,9.08271,9.0332,0.966511,261,198,0,0
fxspatial/pixels/fxspatial.dispmap.channel-luminance_s0.5_t0_delivery_coff.raw,128,72,0.720627,0.396484,0.538147,0.000976562,0.00194786,2.38419E-06,0.0195016,8.37674,8.32248,0.991664,59,50,0,0
fxspatial/pixels/fxspatial.dispmap.channel-luminance_s0.5_t0_export_coff.raw,128,72,0.720627,0.396484,0.538147,0.000976562,0.00194786,2.38419E-06,0.0195016,8.37674,8.32248,0.991664,59,50,0,0
fxspatial/pixels/fxspatial.dispmap.channel-luminance_s0.5_t0_export_con.raw,128,72,0.720627,0.396484,0.538147,0.000976562,0.00194786,2.38419E-06,0.0195016,8.37674,8.32248,0.991664,59,50,0,0
fxspatial/pixels/fxspatial.dispmap.channel-luminance_s0.5_t0_preview_coff.raw,128,72,0.720627,0.396484,0.538147,0.000976562,0.00194786,2.38419E-06,0.0195016,8.37674,8.32248,0.991664,59,50,0,0
fxspatial/pixels/fxspatial.dispmap.channel-luminance_s0.5_t0_preview_con.raw,128,72,0.720627,0.396484,0.538147,0.000976562,0.00194786,2.38419E-06,0.0195016,8.37674,8.32248,0.991664,59,50,0,0
fxspatial/pixels/fxspatial.dispmap.channel-luminance_s0.75_t0_delivery_coff.raw,192,108,0.74881,0.399414,0.554077,0.000976562,0.00194872,2.61377E-06,0.0202268,8.36227,8.20795,0.988373,88,77,0,0
fxspatial/pixels/fxspatial.dispmap.channel-luminance_s0.75_t0_export_coff.raw,192,108,0.74881,0.399414,0.554077,0.000976562,0.00194872,2.61377E-06,0.0202268,8.36227,8.20795,0.988373,88,77,0,0
fxspatial/pixels/fxspatial.dispmap.channel-luminance_s0.75_t0_export_con.raw,192,108,0.74881,0.399414,0.554077,0.000976562,0.00194872,2.61377E-06,0.0202268,8.36227,8.20795,0.988373,88,77,0,0
fxspatial/pixels/fxspatial.dispmap.channel-luminance_s0.75_t0_preview_coff.raw,192,108,0.74881,0.399414,0.554077,0.000976562,0.00194872,2.61377E-06,0.0202268,8.36227,8.20795,0.988373,88,77,0,0
fxspatial/pixels/fxspatial.dispmap.channel-luminance_s0.75_t0_preview_con.raw,192,108,0.74881,0.399414,0.554077,0.000976562,0.00194872,2.61377E-06,0.0202268,8.36227,8.20795,0.988373,88,77,0,0
fxspatial/pixels/fxspatial.dispmap.channel-luminance_s1.5_t0_delivery_coff.raw,384,216,0.771591,0.416504,0.579651,0.000976562,0.00193794,2.54313E-06,0.0219972,7.5979,7.58825,0.984525,177,155,0,0
fxspatial/pixels/fxspatial.dispmap.channel-luminance_s1.5_t0_export_coff.raw,384,216,0.771591,0.416504,0.579651,0.000976562,0.00193794,2.54313E-06,0.0219972,7.5979,7.58825,0.984525,177,155,0,0
fxspatial/pixels/fxspatial.dispmap.channel-luminance_s1.5_t0_export_con.raw,384,216,0.771591,0.416504,0.579651,0.000976562,0.00193794,2.54313E-06,0.0219972,7.5979,7.58825,0.984525,177,155,0,0
fxspatial/pixels/fxspatial.dispmap.channel-luminance_s1.5_t0_preview_coff.raw,384,216,0.771591,0.416504,0.579651,0.000976562,0.00193794,2.54313E-06,0.0219972,7.5979,7.58825,0.984525,177,155,0,0
fxspatial/pixels/fxspatial.dispmap.channel-luminance_s1.5_t0_preview_con.raw,384,216,0.771591,0.416504,0.579651,0.000976562,0.00193794,2.54313E-06,0.0219972,7.5979,7.58825,0.984525,177,155,0,0
fxspatial/pixels/fxspatial.dispmap.channel-luminance_s1_t0_delivery_coff.raw,256,144,0.750366,0.405029,0.579651,0.000976562,0.00196462,2.49015E-06,0.0221815,7.83691,7.82606,0.982187,118,102,0,0
fxspatial/pixels/fxspatial.dispmap.channel-luminance_s1_t0_export_coff.raw,256,144,0.750366,0.405029,0.579651,0.000976562,0.00196462,2.49015E-06,0.0221815,7.83691,7.82606,0.982187,118,102,0,0
fxspatial/pixels/fxspatial.dispmap.channel-luminance_s1_t0_export_con.raw,256,144,0.750366,0.405029,0.579651,0.000976562,0.00196462,2.49015E-06,0.0221815,7.83691,7.82606,0.982187,118,102,0,0
fxspatial/pixels/fxspatial.dispmap.channel-luminance_s1_t0_preview_coff.raw,256,144,0.750366,0.405029,0.579651,0.000976562,0.00196462,2.49015E-06,0.0221815,7.83691,7.82606,0.982187,118,102,0,0
fxspatial/pixels/fxspatial.dispmap.channel-luminance_s1_t0_preview_con.raw,256,144,0.750366,0.405029,0.579651,0.000976562,0.00196462,2.49015E-06,0.0221815,7.83691,7.82606,0.982187,118,102,0,0
fxspatial/pixels/fxspatial.dispmap.channel-luminance_s2_t0_delivery_coff.raw,512,288,0.771591,0.416504,0.579651,0.000976562,0.00195461,2.52989E-06,0.022037,7.83217,7.82132,0.984571,236,207,0,0
fxspatial/pixels/fxspatial.dispmap.channel-luminance_s2_t0_export_coff.raw,512,288,0.771591,0.416504,0.579651,0.000976562,0.00195461,2.52989E-06,0.022037,7.83217,7.82132,0.984571,236,207,0,0
fxspatial/pixels/fxspatial.dispmap.channel-luminance_s2_t0_export_con.raw,512,288,0.771591,0.416504,0.579651,0.000976562,0.00195461,2.52989E-06,0.022037,7.83217,7.82132,0.984571,236,207,0,0
fxspatial/pixels/fxspatial.dispmap.channel-luminance_s2_t0_preview_coff.raw,512,288,0.771591,0.416504,0.579651,0.000976562,0.00195461,2.52989E-06,0.022037,7.83217,7.82132,0.984571,236,207,0,0
fxspatial/pixels/fxspatial.dispmap.channel-luminance_s2_t0_preview_con.raw,512,288,0.771591,0.416504,0.579651,0.000976562,0.00195461,2.52989E-06,0.022037,7.83217,7.82132,0.984571,236,207,0,0
fxspatial/pixels/fxspatial.dispmap.channel-luminance_s3_t0_delivery_coff.raw,768,432,0.771591,0.416504,0.579651,0.000976562,0.00195107,2.57845E-06,0.0220508,7.81009,7.79773,0.986235,354,311,0,0
fxspatial/pixels/fxspatial.dispmap.channel-luminance_s3_t0_export_coff.raw,768,432,0.771591,0.416504,0.579651,0.000976562,0.00195107,2.57845E-06,0.0220508,7.81009,7.79773,0.986235,354,311,0,0
fxspatial/pixels/fxspatial.dispmap.channel-luminance_s3_t0_export_con.raw,768,432,0.771591,0.416504,0.579651,0.000976562,0.00195107,2.57845E-06,0.0220508,7.81009,7.79773,0.986235,354,311,0,0
fxspatial/pixels/fxspatial.dispmap.channel-luminance_s3_t0_preview_coff.raw,768,432,0.771591,0.416504,0.579651,0.000976562,0.00195107,2.57845E-06,0.0220508,7.81009,7.79773,0.986235,354,311,0,0
fxspatial/pixels/fxspatial.dispmap.channel-luminance_s3_t0_preview_con.raw,768,432,0.771591,0.416504,0.579651,0.000976562,0.00195107,2.57845E-06,0.0220508,7.81009,7.79773,0.986235,354,311,0,0
fxspatial/pixels/fxspatial.dispmap.channel-red-signed_s0.5_t0_delivery_coff.raw,128,72,0.779907,0.458252,0.536682,0.000976562,0.00333449,4.07961E-06,0.0259482,7.69314,7.66059,0.981438,69,47,0,0
fxspatial/pixels/fxspatial.dispmap.channel-red-signed_s0.5_t0_export_coff.raw,128,72,0.779907,0.458252,0.536682,0.000976562,0.00333449,4.07961E-06,0.0259482,7.69314,7.66059,0.981438,69,47,0,0
fxspatial/pixels/fxspatial.dispmap.channel-red-signed_s0.5_t0_export_con.raw,128,72,0.779907,0.458252,0.536682,0.000976562,0.00333449,4.07961E-06,0.0259482,7.69314,7.66059,0.981438,69,47,0,0
fxspatial/pixels/fxspatial.dispmap.channel-red-signed_s0.5_t0_preview_coff.raw,128,72,0.779907,0.458252,0.536682,0.000976562,0.00333449,4.07961E-06,0.0259482,7.69314,7.66059,0.981438,69,47,0,0
fxspatial/pixels/fxspatial.dispmap.channel-red-signed_s0.5_t0_preview_con.raw,128,72,0.779907,0.458252,0.536682,0.000976562,0.00333449,4.07961E-06,0.0259482,7.69314,7.66059,0.981438,69,47,0,0
fxspatial/pixels/fxspatial.dispmap.channel-red-signed_s1_t0_delivery_coff.raw,256,144,0.848373,0.485596,0.710022,0.000976562,0.00338459,4.15908E-06,0.0292311,7.37305,7.33778,0.973274,138,96,0,0
fxspatial/pixels/fxspatial.dispmap.channel-red-signed_s1_t0_export_coff.raw,256,144,0.848373,0.485596,0.710022,0.000976562,0.00338459,4.15908E-06,0.0292311,7.37305,7.33778,0.973274,138,96,0,0
fxspatial/pixels/fxspatial.dispmap.channel-red-signed_s1_t0_export_con.raw,256,144,0.848373,0.485596,0.710022,0.000976562,0.00338459,4.15908E-06,0.0292311,7.37305,7.33778,0.973274,138,96,0,0
fxspatial/pixels/fxspatial.dispmap.channel-red-signed_s1_t0_preview_coff.raw,256,144,0.848373,0.485596,0.710022,0.000976562,0.00338459,4.15908E-06,0.0292311,7.37305,7.33778,0.973274,138,96,0,0
fxspatial/pixels/fxspatial.dispmap.channel-red-signed_s1_t0_preview_con.raw,256,144,0.848373,0.485596,0.710022,0.000976562,0.00338459,4.15908E-06,0.0292311,7.37305,7.33778,0.973274,138,96,0,0
fxspatial/pixels/fxspatial.dispmap.channel-red-signed_s2_t0_delivery_coff.raw,512,288,0.848373,0.485596,0.691711,0.000976562,0.00334176,4.36438E-06,0.028873,7.37983,7.31947,0.974337,277,192,0,0
fxspatial/pixels/fxspatial.dispmap.channel-red-signed_s2_t0_export_coff.raw,512,288,0.848373,0.485596,0.691711,0.000976562,0.00334176,4.36438E-06,0.028873,7.37983,7.31947,0.974337,277,192,0,0
fxspatial/pixels/fxspatial.dispmap.channel-red-signed_s2_t0_export_con.raw,512,288,0.848373,0.485596,0.691711,0.000976562,0.00334176,4.36438E-06,0.028873,7.37983,7.31947,0.974337,277,192,0,0
fxspatial/pixels/fxspatial.dispmap.channel-red-signed_s2_t0_preview_coff.raw,512,288,0.848373,0.485596,0.691711,0.000976562,0.00334176,4.36438E-06,0.028873,7.37983,7.31947,0.974337,277,192,0,0
fxspatial/pixels/fxspatial.dispmap.channel-red-signed_s2_t0_preview_con.raw,512,288,0.848373,0.485596,0.691711,0.000976562,0.00334176,4.36438E-06,0.028873,7.37983,7.31947,0.974337,277,192,0,0
fxspatial/pixels/fxspatial.dispmap.channel-red_s0.5_t0_delivery_coff.raw,128,72,0.412109,0.222412,0.320068,0.000976562,0.00130035,1.85437E-06,0.0122098,7.29167,7.25911,0.994277,62,51,0,0
fxspatial/pixels/fxspatial.dispmap.channel-red_s0.5_t0_export_coff.raw,128,72,0.412109,0.222412,0.320068,0.000976562,0.00130035,1.85437E-06,0.0122098,7.29167,7.25911,0.994277,62,51,0,0
fxspatial/pixels/fxspatial.dispmap.channel-red_s0.5_t0_export_con.raw,128,72,0.412109,0.222412,0.320068,0.000976562,0.00130035,1.85437E-06,0.0122098,7.29167,7.25911,0.994277,62,51,0,0
fxspatial/pixels/fxspatial.dispmap.channel-red_s0.5_t0_preview_coff.raw,128,72,0.412109,0.222412,0.320068,0.000976562,0.00130035,1.85437E-06,0.0122098,7.29167,7.25911,0.994277,62,51,0,0
fxspatial/pixels/fxspatial.dispmap.channel-red_s0.5_t0_preview_con.raw,128,72,0.412109,0.222412,0.320068,0.000976562,0.00130035,1.85437E-06,0.0122098,7.29167,7.25911,0.994277,62,51,0,0
fxspatial/pixels/fxspatial.dispmap.channel-red_s0.75_t0_delivery_coff.raw,192,108,0.368423,0.360352,0.45459,0.000976562,0.00127839,1.74252E-06,0.0121422,7.24344,7.10841,0.992186,103,69,0,0
fxspatial/pixels/fxspatial.dispmap.channel-red_s0.75_t0_export_coff.raw,192,108,0.368423,0.360352,0.45459,0.000976562,0.00127839,1.74252E-06,0.0121422,7.24344,7.10841,0.992186,103,69,0,0
fxspatial/pixels/fxspatial.dispmap.channel-red_s0.75_t0_export_con.raw,192,108,0.368423,0.360352,0.45459,0.000976562,0.00127839,1.74252E-06,0.0121422,7.24344,7.10841,0.992186,103,69,0,0
fxspatial/pixels/fxspatial.dispmap.channel-red_s0.75_t0_preview_coff.raw,192,108,0.368423,0.360352,0.45459,0.000976562,0.00127839,1.74252E-06,0.0121422,7.24344,7.10841,0.992186,103,69,0,0
fxspatial/pixels/fxspatial.dispmap.channel-red_s0.75_t0_preview_con.raw,192,108,0.368423,0.360352,0.45459,0.000976562,0.00127839,1.74252E-06,0.0121422,7.24344,7.10841,0.992186,103,69,0,0
fxspatial/pixels/fxspatial.dispmap.channel-red_s1.5_t0_delivery_coff.raw,384,216,0.727509,0.334717,0.623962,0.000976562,0.00124681,1.96622E-06,0.0146807,6.43326,6.39588,0.988999,188,155,0,0
fxspatial/pixels/fxspatial.dispmap.channel-red_s1.5_t0_export_coff.raw,384,216,0.727509,0.334717,0.623962,0.000976562,0.00124681,1.96622E-06,0.0146807,6.43326,6.39588,0.988999,188,155,0,0
fxspatial/pixels/fxspatial.dispmap.channel-red_s1.5_t0_export_con.raw,384,216,0.727509,0.334717,0.623962,0.000976562,0.00124681,1.96622E-06,0.0146807,6.43326,6.39588,0.988999,188,155,0,0
fxspatial/pixels/fxspatial.dispmap.channel-red_s1.5_t0_preview_coff.raw,384,216,0.727509,0.334717,0.623962,0.000976562,0.00124681,1.96622E-06,0.0146807,6.43326,6.39588,0.988999,188,155,0,0
fxspatial/pixels/fxspatial.dispmap.channel-red_s1.5_t0_preview_con.raw,384,216,0.727509,0.334717,0.623962,0.000976562,0.00124681,1.96622E-06,0.0146807,6.43326,6.39588,0.988999,188,155,0,0
fxspatial/pixels/fxspatial.dispmap.channel-red_s1_t0_delivery_coff.raw,256,144,0.727509,0.431152,0.568054,0.000976562,0.00131104,1.90735E-06,0.0155442,6.69217,6.66775,0.989415,125,103,0,0
fxspatial/pixels/fxspatial.dispmap.channel-red_s1_t0_export_coff.raw,256,144,0.727509,0.431152,0.568054,0.000976562,0.00131104,1.90735E-06,0.0155442,6.69217,6.66775,0.989415,125,103,0,0
fxspatial/pixels/fxspatial.dispmap.channel-red_s1_t0_export_con.raw,256,144,0.727509,0.431152,0.568054,0.000976562,0.00131104,1.90735E-06,0.0155442,6.69217,6.66775,0.989415,125,103,0,0
fxspatial/pixels/fxspatial.dispmap.channel-red_s1_t0_preview_coff.raw,256,144,0.727509,0.431152,0.568054,0.000976562,0.00131104,1.90735E-06,0.0155442,6.69217,6.66775,0.989415,125,103,0,0
fxspatial/pixels/fxspatial.dispmap.channel-red_s1_t0_preview_con.raw,256,144,0.727509,0.431152,0.568054,0.000976562,0.00131104,1.90735E-06,0.0155442,6.69217,6.66775,0.989415,125,103,0,0
fxspatial/pixels/fxspatial.dispmap.channel-red_s2_t0_delivery_coff.raw,512,288,0.727509,0.305298,0.610535,0.000976562,0.00124947,1.93384E-06,0.0146902,6.64198,6.59722,0.991483,250,207,0,0
fxspatial/pixels/fxspatial.dispmap.channel-red_s2_t0_export_coff.raw,512,288,0.727509,0.305298,0.610535,0.000976562,0.00124947,1.93384E-06,0.0146902,6.64198,6.59722,0.991483,250,207,0,0
fxspatial/pixels/fxspatial.dispmap.channel-red_s2_t0_export_con.raw,512,288,0.727509,0.305298,0.610535,0.000976562,0.00124947,1.93384E-06,0.0146902,6.64198,6.59722,0.991483,250,207,0,0
fxspatial/pixels/fxspatial.dispmap.channel-red_s2_t0_preview_coff.raw,512,288,0.727509,0.305298,0.610535,0.000976562,0.00124947,1.93384E-06,0.0146902,6.64198,6.59722,0.991483,250,207,0,0
fxspatial/pixels/fxspatial.dispmap.channel-red_s2_t0_preview_con.raw,512,288,0.727509,0.305298,0.610535,0.000976562,0.00124947,1.93384E-06,0.0146902,6.64198,6.59722,0.991483,250,207,0,0
fxspatial/pixels/fxspatial.dispmap.channel-red_s3_t0_delivery_coff.raw,768,432,0.727509,0.431152,0.593811,0.000976562,0.00124876,1.93973E-06,0.0146651,6.66444,6.62133,0.991193,375,310,0,0
fxspatial/pixels/fxspatial.dispmap.channel-red_s3_t0_export_coff.raw,768,432,0.727509,0.431152,0.593811,0.000976562,0.00124876,1.93973E-06,0.0146651,6.66444,6.62133,0.991193,375,310,0,0
fxspatial/pixels/fxspatial.dispmap.channel-red_s3_t0_export_con.raw,768,432,0.727509,0.431152,0.593811,0.000976562,0.00124876,1.93973E-06,0.0146651,6.66444,6.62133,0.991193,375,310,0,0
fxspatial/pixels/fxspatial.dispmap.channel-red_s3_t0_preview_coff.raw,768,432,0.727509,0.431152,0.593811,0.000976562,0.00124876,1.93973E-06,0.0146651,6.66444,6.62133,0.991193,375,310,0,0
fxspatial/pixels/fxspatial.dispmap.channel-red_s3_t0_preview_con.raw,768,432,0.727509,0.431152,0.593811,0.000976562,0.00124876,1.93973E-06,0.0146651,6.66444,6.62133,0.991193,375,310,0,0
fxspatial/pixels/fxspatial.dispmap.edge-fill_s0.5_t0_delivery_coff.raw,128,72,0.115723,0.0733643,0.0773163,0,0.00756017,0,0.0166278,45.2365,45.2365,0.991211,28,71,0,0
fxspatial/pixels/fxspatial.dispmap.edge-fill_s0.5_t0_export_coff.raw,128,72,0.115723,0.0733643,0.0773163,0,0.00756017,0,0.0166278,45.2365,45.2365,0.991211,28,71,0,0
fxspatial/pixels/fxspatial.dispmap.edge-fill_s0.5_t0_export_con.raw,128,72,0.115723,0.0733643,0.0773163,0,0.00756017,0,0.0166278,45.2365,45.2365,0.991211,28,71,0,0
fxspatial/pixels/fxspatial.dispmap.edge-fill_s0.5_t0_preview_coff.raw,128,72,0.115723,0.0733643,0.0773163,0,0.00756017,0,0.0166278,45.2365,45.2365,0.991211,28,71,0,0
fxspatial/pixels/fxspatial.dispmap.edge-fill_s0.5_t0_preview_con.raw,128,72,0.115723,0.0733643,0.0773163,0,0.00756017,0,0.0166278,45.2365,45.2365,0.991211,28,71,0,0
fxspatial/pixels/fxspatial.dispmap.edge-fill_s0.75_t0_delivery_coff.raw,192,108,0.108398,0.0687256,0.0724487,0,0.00754709,0,0.0163679,48.37,48.37,0.994741,42,107,0,0
fxspatial/pixels/fxspatial.dispmap.edge-fill_s0.75_t0_export_coff.raw,192,108,0.108398,0.0687256,0.0724487,0,0.00754709,0,0.0163679,48.37,48.37,0.994741,42,107,0,0
fxspatial/pixels/fxspatial.dispmap.edge-fill_s0.75_t0_export_con.raw,192,108,0.108398,0.0687256,0.0724487,0,0.00754709,0,0.0163679,48.37,48.37,0.994741,42,107,0,0
fxspatial/pixels/fxspatial.dispmap.edge-fill_s0.75_t0_preview_coff.raw,192,108,0.108398,0.0687256,0.0724487,0,0.00754709,0,0.0163679,48.37,48.37,0.994741,42,107,0,0
fxspatial/pixels/fxspatial.dispmap.edge-fill_s0.75_t0_preview_con.raw,192,108,0.108398,0.0687256,0.0724487,0,0.00754709,0,0.0163679,48.37,48.37,0.994741,42,107,0,0
fxspatial/pixels/fxspatial.dispmap.edge-fill_s1.5_t0_delivery_coff.raw,384,216,0.101074,0.0637207,0.0671997,0,0.00754692,0,0.0162603,51.5504,51.5504,0.997067,85,211,0,0
fxspatial/pixels/fxspatial.dispmap.edge-fill_s1.5_t0_export_coff.raw,384,216,0.101074,0.0637207,0.0671997,0,0.00754692,0,0.0162603,51.5504,51.5504,0.997067,85,211,0,0
fxspatial/pixels/fxspatial.dispmap.edge-fill_s1.5_t0_export_con.raw,384,216,0.101074,0.0637207,0.0671997,0,0.00754692,0,0.0162603,51.5504,51.5504,0.997067,85,211,0,0
fxspatial/pixels/fxspatial.dispmap.edge-fill_s1.5_t0_preview_coff.raw,384,216,0.101074,0.0637207,0.0671997,0,0.00754692,0,0.0162603,51.5504,51.5504,0.997067,85,211,0,0
fxspatial/pixels/fxspatial.dispmap.edge-fill_s1.5_t0_preview_con.raw,384,216,0.101074,0.0637207,0.0671997,0,0.00754692,0,0.0162603,51.5504,51.5504,0.997067,85,211,0,0
fxspatial/pixels/fxspatial.dispmap.edge-fill_s1_t0_delivery_coff.raw,256,144,0.104492,0.0664062,0.0700073,0,0.00755075,0,0.0163106,49.9213,49.9213,0.996884,62,140,0,0
fxspatial/pixels/fxspatial.dispmap.edge-fill_s1_t0_export_coff.raw,256,144,0.104492,0.0664062,0.0700073,0,0.00755075,0,0.0163106,49.9213,49.9213,0.996884,62,140,0,0
fxspatial/pixels/fxspatial.dispmap.edge-fill_s1_t0_export_con.raw,256,144,0.104492,0.0664062,0.0700073,0,0.00755075,0,0.0163106,49.9213,49.9213,0.996884,62,140,0,0
fxspatial/pixels/fxspatial.dispmap.edge-fill_s1_t0_preview_coff.raw,256,144,0.104492,0.0664062,0.0700073,0,0.00755075,0,0.0163106,49.9213,49.9213,0.996884,62,140,0,0
fxspatial/pixels/fxspatial.dispmap.edge-fill_s1_t0_preview_con.raw,256,144,0.104492,0.0664062,0.0700073,0,0.00755075,0,0.0163106,49.9213,49.9213,0.996884,62,140,0,0
fxspatial/pixels/fxspatial.dispmap.edge-fill_s2_t0_delivery_coff.raw,512,288,0.104492,0.0626221,0.065979,0,0.00754416,0,0.0162408,52.3349,52.3349,0.998489,118,285,0,0
fxspatial/pixels/fxspatial.dispmap.edge-fill_s2_t0_export_coff.raw,512,288,0.104492,0.0626221,0.065979,0,0.00754416,0,0.0162408,52.3349,52.3349,0.998489,118,285,0,0
fxspatial/pixels/fxspatial.dispmap.edge-fill_s2_t0_export_con.raw,512,288,0.104492,0.0626221,0.065979,0,0.00754416,0,0.0162408,52.3349,52.3349,0.998489,118,285,0,0
fxspatial/pixels/fxspatial.dispmap.edge-fill_s2_t0_preview_coff.raw,512,288,0.104492,0.0626221,0.065979,0,0.00754416,0,0.0162408,52.3349,52.3349,0.998489,118,285,0,0
fxspatial/pixels/fxspatial.dispmap.edge-fill_s2_t0_preview_con.raw,512,288,0.104492,0.0626221,0.065979,0,0.00754416,0,0.0162408,52.3349,52.3349,0.998489,118,285,0,0
fxspatial/pixels/fxspatial.dispmap.edge-fill_s3_t0_delivery_coff.raw,768,432,0.101074,0.0637817,0.0671692,0,0.00754174,0,0.0162275,53.2392,53.2392,0.998889,168,424,0,0
fxspatial/pixels/fxspatial.dispmap.edge-fill_s3_t0_export_coff.raw,768,432,0.101074,0.0637817,0.0671692,0,0.00754174,0,0.0162275,53.2392,53.2392,0.998889,168,424,0,0
fxspatial/pixels/fxspatial.dispmap.edge-fill_s3_t0_export_con.raw,768,432,0.101074,0.0637817,0.0671692,0,0.00754174,0,0.0162275,53.2392,53.2392,0.998889,168,424,0,0
fxspatial/pixels/fxspatial.dispmap.edge-fill_s3_t0_preview_coff.raw,768,432,0.101074,0.0637817,0.0671692,0,0.00754174,0,0.0162275,53.2392,53.2392,0.998889,168,424,0,0
fxspatial/pixels/fxspatial.dispmap.edge-fill_s3_t0_preview_con.raw,768,432,0.101074,0.0637817,0.0671692,0,0.00754174,0,0.0162275,53.2392,53.2392,0.998889,168,424,0,0
fxspatial/pixels/fxspatial.dispmap.map-drawable-brush-rotation_s0.5_t0_delivery_coff.raw,128,72,0.115845,0.221069,0.413147,0.000976562,0.000517039,9.53674E-07,0.00672321,3.9822,3.97135,0.999032,66,50,0,0
fxspatial/pixels/fxspatial.dispmap.map-drawable-brush-rotation_s0.5_t0_export_coff.raw,128,72,0.115845,0.221069,0.413147,0.000976562,0.000517039,9.53674E-07,0.00672321,3.9822,3.97135,0.999032,66,50,0,0
fxspatial/pixels/fxspatial.dispmap.map-drawable-brush-rotation_s0.5_t0_export_con.raw,128,72,0.115845,0.221069,0.413147,0.000976562,0.000517039,9.53674E-07,0.00672321,3.9822,3.97135,0.999032,66,50,0,0
fxspatial/pixels/fxspatial.dispmap.map-drawable-brush-rotation_s0.5_t0_preview_coff.raw,128,72,0.115845,0.221069,0.413147,0.000976562,0.000517039,9.53674E-07,0.00672321,3.9822,3.97135,0.999032,66,50,0,0
fxspatial/pixels/fxspatial.dispmap.map-drawable-brush-rotation_s0.5_t0_preview_con.raw,128,72,0.115845,0.221069,0.413147,0.000976562,0.000517039,9.53674E-07,0.00672321,3.9822,3.97135,0.999032,66,50,0,0
fxspatial/pixels/fxspatial.dispmap.map-drawable-brush-rotation_s1_t0_delivery_coff.raw,256,144,0.465088,0.373047,0.610535,0.000976562,0.000530443,7.94729E-07,0.0091798,3.22537,3.22537,0.996452,132,103,0,0
fxspatial/pixels/fxspatial.dispmap.map-drawable-brush-rotation_s1_t0_export_coff.raw,256,144,0.465088,0.373047,0.610535,0.000976562,0.000530443,7.94729E-07,0.0091798,3.22537,3.22537,0.996452,132,103,0,0
fxspatial/pixels/fxspatial.dispmap.map-drawable-brush-rotation_s1_t0_export_con.raw,256,144,0.465088,0.373047,0.610535,0.000976562,0.000530443,7.94729E-07,0.0091798,3.22537,3.22537,0.996452,132,103,0,0
fxspatial/pixels/fxspatial.dispmap.map-drawable-brush-rotation_s1_t0_preview_coff.raw,256,144,0.465088,0.373047,0.610535,0.000976562,0.000530443,7.94729E-07,0.0091798,3.22537,3.22537,0.996452,132,103,0,0
fxspatial/pixels/fxspatial.dispmap.map-drawable-brush-rotation_s1_t0_preview_con.raw,256,144,0.465088,0.373047,0.610535,0.000976562,0.000530443,7.94729E-07,0.0091798,3.22537,3.22537,0.996452,132,103,0,0
fxspatial/pixels/fxspatial.dispmap.map-drawable-brush-rotation_s2_t0_delivery_coff.raw,512,288,0.396164,0.381714,0.581787,0.000976562,0.000448408,7.18567E-07,0.00718733,3.21723,3.21452,0.99763,263,207,0,0
fxspatial/pixels/fxspatial.dispmap.map-drawable-brush-rotation_s2_t0_export_coff.raw,512,288,0.396164,0.381714,0.581787,0.000976562,0.000448408,7.18567E-07,0.00718733,3.21723,3.21452,0.99763,263,207,0,0
fxspatial/pixels/fxspatial.dispmap.map-drawable-brush-rotation_s2_t0_export_con.raw,512,288,0.396164,0.381714,0.581787,0.000976562,0.000448408,7.18567E-07,0.00718733,3.21723,3.21452,0.99763,263,207,0,0
fxspatial/pixels/fxspatial.dispmap.map-drawable-brush-rotation_s2_t0_preview_coff.raw,512,288,0.396164,0.381714,0.581787,0.000976562,0.000448408,7.18567E-07,0.00718733,3.21723,3.21452,0.99763,263,207,0,0
fxspatial/pixels/fxspatial.dispmap.map-drawable-brush-rotation_s2_t0_preview_con.raw,512,288,0.396164,0.381714,0.581787,0.000976562,0.000448408,7.18567E-07,0.00718733,3.21723,3.21452,0.99763,263,207,0,0
fxspatial/pixels/fxspatial.dispmap.map-drawable-brush-scale_s0.5_t0_delivery_coff.raw,128,72,0.0706177,0.253662,0.581726,0.000976562,0.000794366,2.17226E-06,0.0126106,3.9605,3.9605,0.996834,75,51,0,0
fxspatial/pixels/fxspatial.dispmap.map-drawable-brush-scale_s0.5_t0_export_coff.raw,128,72,0.0706177,0.253662,0.581726,0.000976562,0.000794366,2.17226E-06,0.0126106,3.9605,3.9605,0.996834,75,51,0,0
fxspatial/pixels/fxspatial.dispmap.map-drawable-brush-scale_s0.5_t0_export_con.raw,128,72,0.0706177,0.253662,0.581726,0.000976562,0.000794366,2.17226E-06,0.0126106,3.9605,3.9605,0.996834,75,51,0,0
fxspatial/pixels/fxspatial.dispmap.map-drawable-brush-scale_s0.5_t0_preview_coff.raw,128,72,0.0706177,0.253662,0.581726,0.000976562,0.000794366,2.17226E-06,0.0126106,3.9605,3.9605,0.996834,75,51,0,0
fxspatial/pixels/fxspatial.dispmap.map-drawable-brush-scale_s0.5_t0_preview_con.raw,128,72,0.0706177,0.253662,0.581726,0.000976562,0.000794366,2.17226E-06,0.0126106,3.9605,3.9605,0.996834,75,51,0,0
fxspatial/pixels/fxspatial.dispmap.map-drawable-brush-scale_s1_t0_delivery_coff.raw,256,144,0.141068,0.263672,0.588654,0.000976562,0.000797294,2.17226E-06,0.0137606,3.33388,3.33116,0.994488,150,102,0,0
fxspatial/pixels/fxspatial.dispmap.map-drawable-brush-scale_s1_t0_export_coff.raw,256,144,0.141068,0.263672,0.588654,0.000976562,0.000797294,2.17226E-06,0.0137606,3.33388,3.33116,0.994488,150,102,0,0
fxspatial/pixels/fxspatial.dispmap.map-drawable-brush-scale_s1_t0_export_con.raw,256,144,0.141068,0.263672,0.588654,0.000976562,0.000797294,2.17226E-06,0.0137606,3.33388,3.33116,0.994488,150,102,0,0
fxspatial/pixels/fxspatial.dispmap.map-drawable-brush-scale_s1_t0_preview_coff.raw,256,144,0.141068,0.263672,0.588654,0.000976562,0.000797294,2.17226E-06,0.0137606,3.33388,3.33116,0.994488,150,102,0,0
fxspatial/pixels/fxspatial.dispmap.map-drawable-brush-scale_s1_t0_preview_con.raw,256,144,0.141068,0.263672,0.588654,0.000976562,0.000797294,2.17226E-06,0.0137606,3.33388,3.33116,0.994488,150,102,0,0
fxspatial/pixels/fxspatial.dispmap.map-drawable-brush-scale_s2_t0_delivery_coff.raw,512,288,0.145096,0.259033,0.588501,0.000976562,0.000765329,2.1259E-06,0.0128693,3.1684,3.16637,0.996483,302,207,0,0
fxspatial/pixels/fxspatial.dispmap.map-drawable-brush-scale_s2_t0_export_coff.raw,512,288,0.145096,0.259033,0.588501,0.000976562,0.000765329,2.1259E-06,0.0128693,3.1684,3.16637,0.996483,302,207,0,0
fxspatial/pixels/fxspatial.dispmap.map-drawable-brush-scale_s2_t0_export_con.raw,512,288,0.145096,0.259033,0.588501,0.000976562,0.000765329,2.1259E-06,0.0128693,3.1684,3.16637,0.996483,302,207,0,0
fxspatial/pixels/fxspatial.dispmap.map-drawable-brush-scale_s2_t0_preview_coff.raw,512,288,0.145096,0.259033,0.588501,0.000976562,0.000765329,2.1259E-06,0.0128693,3.1684,3.16637,0.996483,302,207,0,0
fxspatial/pixels/fxspatial.dispmap.map-drawable-brush-scale_s2_t0_preview_con.raw,512,288,0.145096,0.259033,0.588501,0.000976562,0.000765329,2.1259E-06,0.0128693,3.1684,3.16637,0.996483,302,207,0,0
fxspatial/pixels/fxspatial.dispmap.map-perlin_s2_t0_delivery_coff.raw,512,288,2.28882E-05,0.000930786,0.00616455,0,2.7612E-08,0,1.14308E-05,0.00135634,0.00135634,1,351,119,0,0
fxspatial/pixels/fxspatial.dispmap.map-perlin_s2_t0_export_coff.raw,512,288,2.28882E-05,0.000930786,0.00616455,0,2.7612E-08,0,1.14308E-05,0.00135634,0.00135634,1,351,119,0,0
fxspatial/pixels/fxspatial.dispmap.map-perlin_s2_t0_export_con.raw,512,288,2.28882E-05,0.000930786,0.00616455,0,2.7612E-08,0,1.14308E-05,0.00135634,0.00135634,1,351,119,0,0
fxspatial/pixels/fxspatial.dispmap.map-perlin_s2_t0_preview_coff.raw,512,288,2.28882E-05,0.000930786,0.00616455,0,2.7612E-08,0,1.14308E-05,0.00135634,0.00135634,1,351,119,0,0
fxspatial/pixels/fxspatial.dispmap.map-perlin_s2_t0_preview_con.raw,512,288,2.28882E-05,0.000930786,0.00616455,0,2.7612E-08,0,1.14308E-05,0.00135634,0.00135634,1,351,119,0,0
fxspatial/pixels/fxspatial.dispmap.map-perlin_s3_t0_delivery_coff.raw,768,432,0.100342,0.167114,0.0645752,0,3.03791E-05,0,0.00097094,0.618188,0.618188,0.999834,341,311,0,0
fxspatial/pixels/fxspatial.dispmap.map-perlin_s3_t0_export_coff.raw,768,432,0.100342,0.167114,0.0645752,0,3.03791E-05,0,0.00097094,0.618188,0.618188,0.999834,341,311,0,0
fxspatial/pixels/fxspatial.dispmap.map-perlin_s3_t0_export_con.raw,768,432,0.100342,0.167114,0.0645752,0,3.03791E-05,0,0.00097094,0.618188,0.618188,0.999834,341,311,0,0
fxspatial/pixels/fxspatial.dispmap.map-perlin_s3_t0_preview_coff.raw,768,432,0.100342,0.167114,0.0645752,0,3.03791E-05,0,0.00097094,0.618188,0.618188,0.999834,341,311,0,0
fxspatial/pixels/fxspatial.dispmap.map-perlin_s3_t0_preview_con.raw,768,432,0.100342,0.167114,0.0645752,0,3.03791E-05,0,0.00097094,0.618188,0.618188,0.999834,341,311,0,0
fxspatial/pixels/fxspatial.dispmap.map-solid-color_s0.5_t0_delivery_coff.raw,128,72,0.841446,0.497803,0.706421,0.000976562,0.00794058,1.40932E-05,0.0466538,14.7786,14.7786,0.937726,56,46,0,0
fxspatial/pixels/fxspatial.dispmap.map-solid-color_s0.5_t0_export_coff.raw,128,72,0.841446,0.497803,0.706421,0.000976562,0.00794058,1.40932E-05,0.0466538,14.7786,14.7786,0.937726,56,46,0,0
fxspatial/pixels/fxspatial.dispmap.map-solid-color_s0.5_t0_export_con.raw,128,72,0.841446,0.497803,0.706421,0.000976562,0.00794058,1.40932E-05,0.0466538,14.7786,14.7786,0.937726,56,46,0,0
fxspatial/pixels/fxspatial.dispmap.map-solid-color_s0.5_t0_preview_coff.raw,128,72,0.841446,0.497803,0.706421,0.000976562,0.00794058,1.40932E-05,0.0466538,14.7786,14.7786,0.937726,56,46,0,0
fxspatial/pixels/fxspatial.dispmap.map-solid-color_s0.5_t0_preview_con.raw,128,72,0.841446,0.497803,0.706421,0.000976562,0.00794058,1.40932E-05,0.0466538,14.7786,14.7786,0.937726,56,46,0,0
fxspatial/pixels/fxspatial.dispmap.map-solid-color_s1_t0_delivery_coff.raw,256,144,0.847473,0.515381,0.717773,0.000976562,0.0079459,1.41197E-05,0.0467091,14.3745,14.3039,0.952476,113,91,0,0
fxspatial/pixels/fxspatial.dispmap.map-solid-color_s1_t0_export_coff.raw,256,144,0.847473,0.515381,0.717773,0.000976562,0.0079459,1.41197E-05,0.0467091,14.3745,14.3039,0.952476,113,91,0,0
fxspatial/pixels/fxspatial.dispmap.map-solid-color_s1_t0_export_con.raw,256,144,0.847473,0.515381,0.717773,0.000976562,0.0079459,1.41197E-05,0.0467091,14.3745,14.3039,0.952476,113,91,0,0
fxspatial/pixels/fxspatial.dispmap.map-solid-color_s1_t0_preview_coff.raw,256,144,0.847473,0.515381,0.717773,0.000976562,0.0079459,1.41197E-05,0.0467091,14.3745,14.3039,0.952476,113,91,0,0
fxspatial/pixels/fxspatial.dispmap.map-solid-color_s1_t0_preview_con.raw,256,144,0.847473,0.515381,0.717773,0.000976562,0.0079459,1.41197E-05,0.0467091,14.3745,14.3039,0.952476,113,91,0,0
fxspatial/pixels/fxspatial.dispmap.map-solid-color_s2_t0_delivery_coff.raw,512,288,0.847473,0.507324,0.715881,0.000976562,0.00604157,1.07288E-05,0.0398572,14.1215,14.0483,0.977616,227,181,0,0
fxspatial/pixels/fxspatial.dispmap.map-solid-color_s2_t0_export_coff.raw,512,288,0.847473,0.507324,0.715881,0.000976562,0.00604157,1.07288E-05,0.0398572,14.1215,14.0483,0.977616,227,181,0,0
fxspatial/pixels/fxspatial.dispmap.map-solid-color_s2_t0_export_con.raw,512,288,0.847473,0.507324,0.715881,0.000976562,0.00604157,1.07288E-05,0.0398572,14.1215,14.0483,0.977616,227,181,0,0
fxspatial/pixels/fxspatial.dispmap.map-solid-color_s2_t0_preview_coff.raw,512,288,0.847473,0.507324,0.715881,0.000976562,0.00604157,1.07288E-05,0.0398572,14.1215,14.0483,0.977616,227,181,0,0
fxspatial/pixels/fxspatial.dispmap.map-solid-color_s2_t0_preview_con.raw,512,288,0.847473,0.507324,0.715881,0.000976562,0.00604157,1.07288E-05,0.0398572,14.1215,14.0483,0.977616,227,181,0,0
fxspatial/pixels/fxspatial.dispmap.offscreen-partial_s0.5_t0_delivery_coff.raw,128,72,0.373779,0.240601,0.515564,0.000976562,0.00141882,2.75506E-06,0.0128552,7.0204,7.0204,0.995038,39,23,0,0
fxspatial/pixels/fxspatial.dispmap.offscreen-partial_s0.5_t0_export_coff.raw,128,72,0.373779,0.240601,0.515564,0.000976562,0.00141882,2.75506E-06,0.0128552,7.0204,7.0204,0.995038,39,23,0,0
fxspatial/pixels/fxspatial.dispmap.offscreen-partial_s0.5_t0_export_con.raw,128,72,0.373779,0.240601,0.515564,0.000976562,0.00141882,2.75506E-06,0.0128552,7.0204,7.0204,0.995038,39,23,0,0
fxspatial/pixels/fxspatial.dispmap.offscreen-partial_s0.5_t0_preview_coff.raw,128,72,0.373779,0.240601,0.515564,0.000976562,0.00141882,2.75506E-06,0.0128552,7.0204,7.0204,0.995038,39,23,0,0
fxspatial/pixels/fxspatial.dispmap.offscreen-partial_s0.5_t0_preview_con.raw,128,72,0.373779,0.240601,0.515564,0.000976562,0.00141882,2.75506E-06,0.0128552,7.0204,7.0204,0.995038,39,23,0,0
fxspatial/pixels/fxspatial.dispmap.offscreen-partial_s1_t0_delivery_coff.raw,256,144,0.74704,0.440186,0.691711,0.000976562,0.00145769,2.86102E-06,0.0164425,6.61892,6.60807,0.989819,65,61,0,0
fxspatial/pixels/fxspatial.dispmap.offscreen-partial_s1_t0_export_coff.raw,256,144,0.74704,0.440186,0.691711,0.000976562,0.00145769,2.86102E-06,0.0164425,6.61892,6.60807,0.989819,65,61,0,0
fxspatial/pixels/fxspatial.dispmap.offscreen-partial_s1_t0_export_con.raw,256,144,0.74704,0.440186,0.691711,0.000976562,0.00145769,2.86102E-06,0.0164425,6.61892,6.60807,0.989819,65,61,0,0
fxspatial/pixels/fxspatial.dispmap.offscreen-partial_s1_t0_preview_coff.raw,256,144,0.74704,0.440186,0.691711,0.000976562,0.00145769,2.86102E-06,0.0164425,6.61892,6.60807,0.989819,65,61,0,0
fxspatial/pixels/fxspatial.dispmap.offscreen-partial_s1_t0_preview_con.raw,256,144,0.74704,0.440186,0.691711,0.000976562,0.00145769,2.86102E-06,0.0164425,6.61892,6.60807,0.989819,65,61,0,0
fxspatial/pixels/fxspatial.dispmap.offscreen-partial_s2_t0_delivery_coff.raw,512,288,0.74704,0.344971,0.696655,0.000976562,0.00146516,2.80142E-06,0.0164288,6.6664,6.6569,0.990135,131,122,0,0
fxspatial/pixels/fxspatial.dispmap.offscreen-partial_s2_t0_export_coff.raw,512,288,0.74704,0.344971,0.696655,0.000976562,0.00146516,2.80142E-06,0.0164288,6.6664,6.6569,0.990135,131,122,0,0
fxspatial/pixels/fxspatial.dispmap.offscreen-partial_s2_t0_export_con.raw,512,288,0.74704,0.344971,0.696655,0.000976562,0.00146516,2.80142E-06,0.0164288,6.6664,6.6569,0.990135,131,122,0,0
fxspatial/pixels/fxspatial.dispmap.offscreen-partial_s2_t0_preview_coff.raw,512,288,0.74704,0.344971,0.696655,0.000976562,0.00146516,2.80142E-06,0.0164288,6.6664,6.6569,0.990135,131,122,0,0
fxspatial/pixels/fxspatial.dispmap.offscreen-partial_s2_t0_preview_con.raw,512,288,0.74704,0.344971,0.696655,0.000976562,0.00146516,2.80142E-06,0.0164288,6.6664,6.6569,0.990135,131,122,0,0
fxspatial/pixels/fxspatial.dispmap.on-shape_s0.5_t0_delivery_coff.raw,128,72,1,0.678223,0,1,0.00316364,0.00565531,0.0448177,1.11762,1.07422,0.970963,84,8,0,0
fxspatial/pixels/fxspatial.dispmap.on-shape_s0.5_t0_export_coff.raw,128,72,1,0.678223,0,1,0.00316364,0.00565531,0.0448177,1.11762,1.07422,0.970963,84,8,0,0
fxspatial/pixels/fxspatial.dispmap.on-shape_s0.5_t0_export_con.raw,128,72,1,0.678223,0,1,0.00316364,0.00565531,0.0448177,1.11762,1.07422,0.970963,84,8,0,0
fxspatial/pixels/fxspatial.dispmap.on-shape_s0.5_t0_preview_coff.raw,128,72,1,0.678223,0,1,0.00316364,0.00565531,0.0448177,1.11762,1.07422,0.970963,84,8,0,0
fxspatial/pixels/fxspatial.dispmap.on-shape_s0.5_t0_preview_con.raw,128,72,1,0.678223,0,1,0.00316364,0.00565531,0.0448177,1.11762,1.07422,0.970963,84,8,0,0
fxspatial/pixels/fxspatial.dispmap.on-shape_s1_t0_delivery_coff.raw,256,144,1,0.678223,0,1,0.00320091,0.00572197,0.0480244,0.935872,0.935872,0.973938,149,12,0,0
fxspatial/pixels/fxspatial.dispmap.on-shape_s1_t0_export_coff.raw,256,144,1,0.678223,0,1,0.00320091,0.00572197,0.0480244,0.935872,0.935872,0.973938,149,12,0,0
fxspatial/pixels/fxspatial.dispmap.on-shape_s1_t0_export_con.raw,256,144,1,0.678223,0,1,0.00320091,0.00572197,0.0480244,0.935872,0.935872,0.973938,149,12,0,0
fxspatial/pixels/fxspatial.dispmap.on-shape_s1_t0_preview_coff.raw,256,144,1,0.678223,0,1,0.00320091,0.00572197,0.0480244,0.935872,0.935872,0.973938,149,12,0,0
fxspatial/pixels/fxspatial.dispmap.on-shape_s1_t0_preview_con.raw,256,144,1,0.678223,0,1,0.00320091,0.00572197,0.0480244,0.935872,0.935872,0.973938,149,12,0,0
fxspatial/pixels/fxspatial.dispmap.on-shape_s2_t0_delivery_coff.raw,512,288,1,0.678223,0,1,0.00332618,0.00594589,0.0505877,0.856527,0.856527,0.980413,232,24,0,0
fxspatial/pixels/fxspatial.dispmap.on-shape_s2_t0_export_coff.raw,512,288,1,0.678223,0,1,0.00332618,0.00594589,0.0505877,0.856527,0.856527,0.980413,232,24,0,0
fxspatial/pixels/fxspatial.dispmap.on-shape_s2_t0_export_con.raw,512,288,1,0.678223,0,1,0.00332618,0.00594589,0.0505877,0.856527,0.856527,0.980413,232,24,0,0
fxspatial/pixels/fxspatial.dispmap.on-shape_s2_t0_preview_coff.raw,512,288,1,0.678223,0,1,0.00332618,0.00594589,0.0505877,0.856527,0.856527,0.980413,232,24,0,0
fxspatial/pixels/fxspatial.dispmap.on-shape_s2_t0_preview_con.raw,512,288,1,0.678223,0,1,0.00332618,0.00594589,0.0505877,0.856527,0.856527,0.980413,232,24,0,0
fxspatial/pixels/fxspatial.dispmap.rotation-transform-360_s0.5_t0_delivery_coff.raw,128,72,0.821808,0.509033,0.564575,0.000976562,0.00523977,7.57641E-06,0.0321686,10.2973,10.2973,0.97918,79,36,0,0
fxspatial/pixels/fxspatial.dispmap.rotation-transform-360_s0.5_t0_export_coff.raw,128,72,0.821808,0.509033,0.564575,0.000976562,0.00523977,7.57641E-06,0.0321686,10.2973,10.2973,0.97918,79,36,0,0
fxspatial/pixels/fxspatial.dispmap.rotation-transform-360_s0.5_t0_export_con.raw,128,72,0.821808,0.509033,0.564575,0.000976562,0.00523977,7.57641E-06,0.0321686,10.2973,10.2973,0.97918,79,36,0,0
fxspatial/pixels/fxspatial.dispmap.rotation-transform-360_s0.5_t0_preview_coff.raw,128,72,0.821808,0.509033,0.564575,0.000976562,0.00523977,7.57641E-06,0.0321686,10.2973,10.2973,0.97918,79,36,0,0
fxspatial/pixels/fxspatial.dispmap.rotation-transform-360_s0.5_t0_preview_con.raw,128,72,0.821808,0.509033,0.564575,0.000976562,0.00523977,7.57641E-06,0.0321686,10.2973,10.2973,0.97918,79,36,0,0
fxspatial/pixels/fxspatial.dispmap.rotation-transform-360_s1_t0_delivery_coff.raw,256,144,0.848434,0.527588,0.619202,0.000976562,0.00533643,7.68238E-06,0.0340013,10.0776,10.0749,0.968985,159,71,0,0
fxspatial/pixels/fxspatial.dispmap.rotation-transform-360_s1_t0_export_coff.raw,256,144,0.848434,0.527588,0.619202,0.000976562,0.00533643,7.68238E-06,0.0340013,10.0776,10.0749,0.968985,159,71,0,0
fxspatial/pixels/fxspatial.dispmap.rotation-transform-360_s1_t0_export_con.raw,256,144,0.848434,0.527588,0.619202,0.000976562,0.00533643,7.68238E-06,0.0340013,10.0776,10.0749,0.968985,159,71,0,0
fxspatial/pixels/fxspatial.dispmap.rotation-transform-360_s1_t0_preview_coff.raw,256,144,0.848434,0.527588,0.619202,0.000976562,0.00533643,7.68238E-06,0.0340013,10.0776,10.0749,0.968985,159,71,0,0
fxspatial/pixels/fxspatial.dispmap.rotation-transform-360_s1_t0_preview_con.raw,256,144,0.848434,0.527588,0.619202,0.000976562,0.00533643,7.68238E-06,0.0340013,10.0776,10.0749,0.968985,159,71,0,0
fxspatial/pixels/fxspatial.dispmap.rotation-transform-360_s2_t0_delivery_coff.raw,512,288,0.848434,0.532715,0.621216,0.000976562,0.00533317,7.80159E-06,0.0340064,10.0898,10.0891,0.972291,318,142,0,0
fxspatial/pixels/fxspatial.dispmap.rotation-transform-360_s2_t0_export_coff.raw,512,288,0.848434,0.532715,0.621216,0.000976562,0.00533317,7.80159E-06,0.0340064,10.0898,10.0891,0.972291,318,142,0,0
fxspatial/pixels/fxspatial.dispmap.rotation-transform-360_s2_t0_export_con.raw,512,288,0.848434,0.532715,0.621216,0.000976562,0.00533317,7.80159E-06,0.0340064,10.0898,10.0891,0.972291,318,142,0,0
fxspatial/pixels/fxspatial.dispmap.rotation-transform-360_s2_t0_preview_coff.raw,512,288,0.848434,0.532715,0.621216,0.000976562,0.00533317,7.80159E-06,0.0340064,10.0898,10.0891,0.972291,318,142,0,0
fxspatial/pixels/fxspatial.dispmap.rotation-transform-360_s2_t0_preview_con.raw,512,288,0.848434,0.532715,0.621216,0.000976562,0.00533317,7.80159E-06,0.0340064,10.0898,10.0891,0.972291,318,142,0,0
fxspatial/pixels/fxspatial.dispmap.rotation-transform_s0.5_t0_delivery_coff.raw,128,72,0.762283,0.345825,0.662537,0.000976562,0.00114793,1.90735E-06,0.0158369,5.01302,4.86111,0.995587,66,51,0,0
fxspatial/pixels/fxspatial.dispmap.rotation-transform_s0.5_t0_export_coff.raw,128,72,0.762283,0.345825,0.662537,0.000976562,0.00114793,1.90735E-06,0.0158369,5.01302,4.86111,0.995587,66,51,0,0
fxspatial/pixels/fxspatial.dispmap.rotation-transform_s0.5_t0_export_con.raw,128,72,0.762283,0.345825,0.662537,0.000976562,0.00114793,1.90735E-06,0.0158369,5.01302,4.86111,0.995587,66,51,0,0
fxspatial/pixels/fxspatial.dispmap.rotation-transform_s0.5_t0_preview_coff.raw,128,72,0.762283,0.345825,0.662537,0.000976562,0.00114793,1.90735E-06,0.0158369,5.01302,4.86111,0.995587,66,51,0,0
fxspatial/pixels/fxspatial.dispmap.rotation-transform_s0.5_t0_preview_con.raw,128,72,0.762283,0.345825,0.662537,0.000976562,0.00114793,1.90735E-06,0.0158369,5.01302,4.86111,0.995587,66,51,0,0
fxspatial/pixels/fxspatial.dispmap.rotation-transform_s0.75_t0_delivery_coff.raw,192,108,0.805176,0.358521,0.679077,0.000976562,0.00116573,1.86025E-06,0.0164953,5.0299,4.86593,0.993253,99,77,0,0
fxspatial/pixels/fxspatial.dispmap.rotation-transform_s0.75_t0_export_coff.raw,192,108,0.805176,0.358521,0.679077,0.000976562,0.00116573,1.86025E-06,0.0164953,5.0299,4.86593,0.993253,99,77,0,0
fxspatial/pixels/fxspatial.dispmap.rotation-transform_s0.75_t0_export_con.raw,192,108,0.805176,0.358521,0.679077,0.000976562,0.00116573,1.86025E-06,0.0164953,5.0299,4.86593,0.993253,99,77,0,0
fxspatial/pixels/fxspatial.dispmap.rotation-transform_s0.75_t0_preview_coff.raw,192,108,0.805176,0.358521,0.679077,0.000976562,0.00116573,1.86025E-06,0.0164953,5.0299,4.86593,0.993253,99,77,0,0
fxspatial/pixels/fxspatial.dispmap.rotation-transform_s0.75_t0_preview_con.raw,192,108,0.805176,0.358521,0.679077,0.000976562,0.00116573,1.86025E-06,0.0164953,5.0299,4.86593,0.993253,99,77,0,0
fxspatial/pixels/fxspatial.dispmap.rotation-transform_s1.5_t0_delivery_coff.raw,384,216,0.835419,0.369873,0.687073,0.000976562,0.00114148,1.91912E-06,0.0179508,4.30773,4.22213,0.993056,198,154,0,0
fxspatial/pixels/fxspatial.dispmap.rotation-transform_s1.5_t0_export_coff.raw,384,216,0.835419,0.369873,0.687073,0.000976562,0.00114148,1.91912E-06,0.0179508,4.30773,4.22213,0.993056,198,154,0,0
fxspatial/pixels/fxspatial.dispmap.rotation-transform_s1.5_t0_export_con.raw,384,216,0.835419,0.369873,0.687073,0.000976562,0.00114148,1.91912E-06,0.0179508,4.30773,4.22213,0.993056,198,154,0,0
fxspatial/pixels/fxspatial.dispmap.rotation-transform_s1.5_t0_preview_coff.raw,384,216,0.835419,0.369873,0.687073,0.000976562,0.00114148,1.91912E-06,0.0179508,4.30773,4.22213,0.993056,198,154,0,0
fxspatial/pixels/fxspatial.dispmap.rotation-transform_s1.5_t0_preview_con.raw,384,216,0.835419,0.369873,0.687073,0.000976562,0.00114148,1.91912E-06,0.0179508,4.30773,4.22213,0.993056,198,154,0,0
fxspatial/pixels/fxspatial.dispmap.rotation-transform_s1_t0_delivery_coff.raw,256,144,0.835419,0.431152,0.687073,0.000976562,0.00116071,1.93384E-06,0.018137,4.33757,4.23177,0.990129,132,103,0,0
fxspatial/pixels/fxspatial.dispmap.rotation-transform_s1_t0_export_coff.raw,256,144,0.835419,0.431152,0.687073,0.000976562,0.00116071,1.93384E-06,0.018137,4.33757,4.23177,0.990129,132,103,0,0
fxspatial/pixels/fxspatial.dispmap.rotation-transform_s1_t0_export_con.raw,256,144,0.835419,0.431152,0.687073,0.000976562,0.00116071,1.93384E-06,0.018137,4.33757,4.23177,0.990129,132,103,0,0
fxspatial/pixels/fxspatial.dispmap.rotation-transform_s1_t0_preview_coff.raw,256,144,0.835419,0.431152,0.687073,0.000976562,0.00116071,1.93384E-06,0.018137,4.33757,4.23177,0.990129,132,103,0,0
fxspatial/pixels/fxspatial.dispmap.rotation-transform_s1_t0_preview_con.raw,256,144,0.835419,0.431152,0.687073,0.000976562,0.00116071,1.93384E-06,0.018137,4.33757,4.23177,0.990129,132,103,0,0
fxspatial/pixels/fxspatial.dispmap.rotation-transform_s2_t0_delivery_coff.raw,512,288,0.835419,0.440186,0.687073,0.000976562,0.0011481,2.08616E-06,0.0177322,4.65291,4.56611,0.992285,264,205,0,0
fxspatial/pixels/fxspatial.dispmap.rotation-transform_s2_t0_export_coff.raw,512,288,0.835419,0.440186,0.687073,0.000976562,0.0011481,2.08616E-06,0.0177322,4.65291,4.56611,0.992285,264,205,0,0
fxspatial/pixels/fxspatial.dispmap.rotation-transform_s2_t0_export_con.raw,512,288,0.835419,0.440186,0.687073,0.000976562,0.0011481,2.08616E-06,0.0177322,4.65291,4.56611,0.992285,264,205,0,0
fxspatial/pixels/fxspatial.dispmap.rotation-transform_s2_t0_preview_coff.raw,512,288,0.835419,0.440186,0.687073,0.000976562,0.0011481,2.08616E-06,0.0177322,4.65291,4.56611,0.992285,264,205,0,0
fxspatial/pixels/fxspatial.dispmap.rotation-transform_s2_t0_preview_con.raw,512,288,0.835419,0.440186,0.687073,0.000976562,0.0011481,2.08616E-06,0.0177322,4.65291,4.56611,0.992285,264,205,0,0
fxspatial/pixels/fxspatial.dispmap.rotation-transform_s3_t0_delivery_coff.raw,768,432,0.835419,0.431152,0.710022,0.000976562,0.00114654,2.13105E-06,0.0178263,4.68147,4.58502,0.993096,396,308,0,0
fxspatial/pixels/fxspatial.dispmap.rotation-transform_s3_t0_export_coff.raw,768,432,0.835419,0.431152,0.710022,0.000976562,0.00114654,2.13105E-06,0.0178263,4.68147,4.58502,0.993096,396,308,0,0
fxspatial/pixels/fxspatial.dispmap.rotation-transform_s3_t0_export_con.raw,768,432,0.835419,0.431152,0.710022,0.000976562,0.00114654,2.13105E-06,0.0178263,4.68147,4.58502,0.993096,396,308,0,0
fxspatial/pixels/fxspatial.dispmap.rotation-transform_s3_t0_preview_coff.raw,768,432,0.835419,0.431152,0.710022,0.000976562,0.00114654,2.13105E-06,0.0178263,4.68147,4.58502,0.993096,396,308,0,0
fxspatial/pixels/fxspatial.dispmap.rotation-transform_s3_t0_preview_con.raw,768,432,0.835419,0.431152,0.710022,0.000976562,0.00114654,2.13105E-06,0.0178263,4.68147,4.58502,0.993096,396,308,0,0
fxspatial/pixels/fxspatial.dispmap.scale-transform-aniso_s0.5_t0_delivery_coff.raw,128,72,0.0317383,0.485596,0.406921,0.000976562,0.000911686,3.28488E-06,0.0133762,4.53559,4.35113,0.994309,51,51,0,0
fxspatial/pixels/fxspatial.dispmap.scale-transform-aniso_s0.5_t0_export_coff.raw,128,72,0.0317383,0.485596,0.406921,0.000976562,0.000911686,3.28488E-06,0.0133762,4.53559,4.35113,0.994309,51,51,0,0
fxspatial/pixels/fxspatial.dispmap.scale-transform-aniso_s0.5_t0_export_con.raw,128,72,0.0317383,0.485596,0.406921,0.000976562,0.000911686,3.28488E-06,0.0133762,4.53559,4.35113,0.994309,51,51,0,0
fxspatial/pixels/fxspatial.dispmap.scale-transform-aniso_s0.5_t0_preview_coff.raw,128,72,0.0317383,0.485596,0.406921,0.000976562,0.000911686,3.28488E-06,0.0133762,4.53559,4.35113,0.994309,51,51,0,0
fxspatial/pixels/fxspatial.dispmap.scale-transform-aniso_s0.5_t0_preview_con.raw,128,72,0.0317383,0.485596,0.406921,0.000976562,0.000911686,3.28488E-06,0.0133762,4.53559,4.35113,0.994309,51,51,0,0
fxspatial/pixels/fxspatial.dispmap.scale-transform-aniso_s1_t0_delivery_coff.raw,256,144,0.0639648,0.502686,0.462036,0.000976562,0.000913472,3.20541E-06,0.0147883,3.55089,3.43696,0.98962,103,100,0,0
fxspatial/pixels/fxspatial.dispmap.scale-transform-aniso_s1_t0_export_coff.raw,256,144,0.0639648,0.502686,0.462036,0.000976562,0.000913472,3.20541E-06,0.0147883,3.55089,3.43696,0.98962,103,100,0,0
fxspatial/pixels/fxspatial.dispmap.scale-transform-aniso_s1_t0_export_con.raw,256,144,0.0639648,0.502686,0.462036,0.000976562,0.000913472,3.20541E-06,0.0147883,3.55089,3.43696,0.98962,103,100,0,0
fxspatial/pixels/fxspatial.dispmap.scale-transform-aniso_s1_t0_preview_coff.raw,256,144,0.0639648,0.502686,0.462036,0.000976562,0.000913472,3.20541E-06,0.0147883,3.55089,3.43696,0.98962,103,100,0,0
fxspatial/pixels/fxspatial.dispmap.scale-transform-aniso_s1_t0_preview_con.raw,256,144,0.0639648,0.502686,0.462036,0.000976562,0.000913472,3.20541E-06,0.0147883,3.55089,3.43696,0.98962,103,100,0,0
fxspatial/pixels/fxspatial.dispmap.scale-transform-aniso_s2_t0_delivery_coff.raw,512,288,0.0883789,0.493896,0.480774,0.000976562,0.000910239,3.21865E-06,0.0148239,3.4573,3.36236,0.990581,206,201,0,0
fxspatial/pixels/fxspatial.dispmap.scale-transform-aniso_s2_t0_export_coff.raw,512,288,0.0883789,0.493896,0.480774,0.000976562,0.000910239,3.21865E-06,0.0148239,3.4573,3.36236,0.990581,206,201,0,0
fxspatial/pixels/fxspatial.dispmap.scale-transform-aniso_s2_t0_export_con.raw,512,288,0.0883789,0.493896,0.480774,0.000976562,0.000910239,3.21865E-06,0.0148239,3.4573,3.36236,0.990581,206,201,0,0
fxspatial/pixels/fxspatial.dispmap.scale-transform-aniso_s2_t0_preview_coff.raw,512,288,0.0883789,0.493896,0.480774,0.000976562,0.000910239,3.21865E-06,0.0148239,3.4573,3.36236,0.990581,206,201,0,0
fxspatial/pixels/fxspatial.dispmap.scale-transform-aniso_s2_t0_preview_con.raw,512,288,0.0883789,0.493896,0.480774,0.000976562,0.000910239,3.21865E-06,0.0148239,3.4573,3.36236,0.990581,206,201,0,0
fxspatial/pixels/fxspatial.dispmap.scale-transform-offcenter_s0.5_t0_delivery_coff.raw,128,72,0.39502,0.162354,0.231445,0.000488281,0.00087315,1.48349E-06,0.00945741,6.85764,6.75998,0.994967,62,51,0,0
fxspatial/pixels/fxspatial.dispmap.scale-transform-offcenter_s0.5_t0_export_coff.raw,128,72,0.39502,0.162354,0.231445,0.000488281,0.00087315,1.48349E-06,0.00945741,6.85764,6.75998,0.994967,62,51,0,0
fxspatial/pixels/fxspatial.dispmap.scale-transform-offcenter_s0.5_t0_export_con.raw,128,72,0.39502,0.162354,0.231445,0.000488281,0.00087315,1.48349E-06,0.00945741,6.85764,6.75998,0.994967,62,51,0,0
fxspatial/pixels/fxspatial.dispmap.scale-transform-offcenter_s0.5_t0_preview_coff.raw,128,72,0.39502,0.162354,0.231445,0.000488281,0.00087315,1.48349E-06,0.00945741,6.85764,6.75998,0.994967,62,51,0,0
fxspatial/pixels/fxspatial.dispmap.scale-transform-offcenter_s0.5_t0_preview_con.raw,128,72,0.39502,0.162354,0.231445,0.000488281,0.00087315,1.48349E-06,0.00945741,6.85764,6.75998,0.994967,62,51,0,0
fxspatial/pixels/fxspatial.dispmap.scale-transform-offcenter_s1_t0_delivery_coff.raw,256,144,0.681473,0.326416,0.450256,0.000976562,0.000883171,1.457E-06,0.0124672,6.16048,6.14963,0.991536,125,102,0,0
fxspatial/pixels/fxspatial.dispmap.scale-transform-offcenter_s1_t0_export_coff.raw,256,144,0.681473,0.326416,0.450256,0.000976562,0.000883171,1.457E-06,0.0124672,6.16048,6.14963,0.991536,125,102,0,0
fxspatial/pixels/fxspatial.dispmap.scale-transform-offcenter_s1_t0_export_con.raw,256,144,0.681473,0.326416,0.450256,0.000976562,0.000883171,1.457E-06,0.0124672,6.16048,6.14963,0.991536,125,102,0,0
fxspatial/pixels/fxspatial.dispmap.scale-transform-offcenter_s1_t0_preview_coff.raw,256,144,0.681473,0.326416,0.450256,0.000976562,0.000883171,1.457E-06,0.0124672,6.16048,6.14963,0.991536,125,102,0,0
fxspatial/pixels/fxspatial.dispmap.scale-transform-offcenter_s1_t0_preview_con.raw,256,144,0.681473,0.326416,0.450256,0.000976562,0.000883171,1.457E-06,0.0124672,6.16048,6.14963,0.991536,125,102,0,0
fxspatial/pixels/fxspatial.dispmap.scale-transform-offcenter_s2_t0_delivery_coff.raw,512,288,0.694962,0.419189,0.462036,0.000976562,0.000840265,1.43713E-06,0.0119002,6.18896,6.16455,0.993246,250,207,0,0
fxspatial/pixels/fxspatial.dispmap.scale-transform-offcenter_s2_t0_export_coff.raw,512,288,0.694962,0.419189,0.462036,0.000976562,0.000840265,1.43713E-06,0.0119002,6.18896,6.16455,0.993246,250,207,0,0
fxspatial/pixels/fxspatial.dispmap.scale-transform-offcenter_s2_t0_export_con.raw,512,288,0.694962,0.419189,0.462036,0.000976562,0.000840265,1.43713E-06,0.0119002,6.18896,6.16455,0.993246,250,207,0,0
fxspatial/pixels/fxspatial.dispmap.scale-transform-offcenter_s2_t0_preview_coff.raw,512,288,0.694962,0.419189,0.462036,0.000976562,0.000840265,1.43713E-06,0.0119002,6.18896,6.16455,0.993246,250,207,0,0
fxspatial/pixels/fxspatial.dispmap.scale-transform-offcenter_s2_t0_preview_con.raw,512,288,0.694962,0.419189,0.462036,0.000976562,0.000840265,1.43713E-06,0.0119002,6.18896,6.16455,0.993246,250,207,0,0
fxspatial/pixels/fxspatial.dispmap.scale-transform-shrink_s0.5_t0_delivery_coff.raw,128,72,0.193176,0.166016,0.346191,0.000488281,0.000711797,9.00692E-07,0.00750156,5.29514,5.29514,0.998407,70,50,0,0
fxspatial/pixels/fxspatial.dispmap.scale-transform-shrink_s0.5_t0_export_coff.raw,128,72,0.193176,0.166016,0.346191,0.000488281,0.000711797,9.00692E-07,0.00750156,5.29514,5.29514,0.998407,70,50,0,0
fxspatial/pixels/fxspatial.dispmap.scale-transform-shrink_s0.5_t0_export_con.raw,128,72,0.193176,0.166016,0.346191,0.000488281,0.000711797,9.00692E-07,0.00750156,5.29514,5.29514,0.998407,70,50,0,0
fxspatial/pixels/fxspatial.dispmap.scale-transform-shrink_s0.5_t0_preview_coff.raw,128,72,0.193176,0.166016,0.346191,0.000488281,0.000711797,9.00692E-07,0.00750156,5.29514,5.29514,0.998407,70,50,0,0
fxspatial/pixels/fxspatial.dispmap.scale-transform-shrink_s0.5_t0_preview_con.raw,128,72,0.193176,0.166016,0.346191,0.000488281,0.000711797,9.00692E-07,0.00750156,5.29514,5.29514,0.998407,70,50,0,0
fxspatial/pixels/fxspatial.dispmap.scale-transform-shrink_s1_t0_delivery_coff.raw,256,144,0.283554,0.318115,0.627747,0.000976562,0.000725472,9.80165E-07,0.00976351,4.59798,4.58984,0.996959,140,100,0,0
fxspatial/pixels/fxspatial.dispmap.scale-transform-shrink_s1_t0_export_coff.raw,256,144,0.283554,0.318115,0.627747,0.000976562,0.000725472,9.80165E-07,0.00976351,4.59798,4.58984,0.996959,140,100,0,0
fxspatial/pixels/fxspatial.dispmap.scale-transform-shrink_s1_t0_export_con.raw,256,144,0.283554,0.318115,0.627747,0.000976562,0.000725472,9.80165E-07,0.00976351,4.59798,4.58984,0.996959,140,100,0,0
fxspatial/pixels/fxspatial.dispmap.scale-transform-shrink_s1_t0_preview_coff.raw,256,144,0.283554,0.318115,0.627747,0.000976562,0.000725472,9.80165E-07,0.00976351,4.59798,4.58984,0.996959,140,100,0,0
fxspatial/pixels/fxspatial.dispmap.scale-transform-shrink_s1_t0_preview_con.raw,256,144,0.283554,0.318115,0.627747,0.000976562,0.000725472,9.80165E-07,0.00976351,4.59798,4.58984,0.996959,140,100,0,0
fxspatial/pixels/fxspatial.dispmap.scale-transform-shrink_s2_t0_delivery_coff.raw,512,288,0.284454,0.431152,0.63269,0.000976562,0.000760973,1.00666E-06,0.010535,4.64952,4.6285,0.995714,281,193,0,0
fxspatial/pixels/fxspatial.dispmap.scale-transform-shrink_s2_t0_export_coff.raw,512,288,0.284454,0.431152,0.63269,0.000976562,0.000760973,1.00666E-06,0.010535,4.64952,4.6285,0.995714,281,193,0,0
fxspatial/pixels/fxspatial.dispmap.scale-transform-shrink_s2_t0_export_con.raw,512,288,0.284454,0.431152,0.63269,0.000976562,0.000760973,1.00666E-06,0.010535,4.64952,4.6285,0.995714,281,193,0,0
fxspatial/pixels/fxspatial.dispmap.scale-transform-shrink_s2_t0_preview_coff.raw,512,288,0.284454,0.431152,0.63269,0.000976562,0.000760973,1.00666E-06,0.010535,4.64952,4.6285,0.995714,281,193,0,0
fxspatial/pixels/fxspatial.dispmap.scale-transform-shrink_s2_t0_preview_con.raw,512,288,0.284454,0.431152,0.63269,0.000976562,0.000760973,1.00666E-06,0.010535,4.64952,4.6285,0.995714,281,193,0,0
fxspatial/pixels/fxspatial.dispmap.scale-transform-zero_s0.5_t0_delivery_coff.raw,128,72,0.280975,0.179688,0.357666,0.000976562,0.00110203,1.27157E-06,0.010339,5.92448,5.88108,0.996828,69,47,0,0
fxspatial/pixels/fxspatial.dispmap.scale-transform-zero_s0.5_t0_export_coff.raw,128,72,0.280975,0.179688,0.357666,0.000976562,0.00110203,1.27157E-06,0.010339,5.92448,5.88108,0.996828,69,47,0,0
fxspatial/pixels/fxspatial.dispmap.scale-transform-zero_s0.5_t0_export_con.raw,128,72,0.280975,0.179688,0.357666,0.000976562,0.00110203,1.27157E-06,0.010339,5.92448,5.88108,0.996828,69,47,0,0
fxspatial/pixels/fxspatial.dispmap.scale-transform-zero_s0.5_t0_preview_coff.raw,128,72,0.280975,0.179688,0.357666,0.000976562,0.00110203,1.27157E-06,0.010339,5.92448,5.88108,0.996828,69,47,0,0
fxspatial/pixels/fxspatial.dispmap.scale-transform-zero_s0.5_t0_preview_con.raw,128,72,0.280975,0.179688,0.357666,0.000976562,0.00110203,1.27157E-06,0.010339,5.92448,5.88108,0.996828,69,47,0,0
fxspatial/pixels/fxspatial.dispmap.scale-transform-zero_s1_t0_delivery_coff.raw,256,144,0.285355,0.431152,0.696655,0.000976562,0.0011199,1.32455E-06,0.0130501,5.25716,5.24089,0.994914,139,94,0,0
fxspatial/pixels/fxspatial.dispmap.scale-transform-zero_s1_t0_export_coff.raw,256,144,0.285355,0.431152,0.696655,0.000976562,0.0011199,1.32455E-06,0.0130501,5.25716,5.24089,0.994914,139,94,0,0
fxspatial/pixels/fxspatial.dispmap.scale-transform-zero_s1_t0_export_con.raw,256,144,0.285355,0.431152,0.696655,0.000976562,0.0011199,1.32455E-06,0.0130501,5.25716,5.24089,0.994914,139,94,0,0
fxspatial/pixels/fxspatial.dispmap.scale-transform-zero_s1_t0_preview_coff.raw,256,144,0.285355,0.431152,0.696655,0.000976562,0.0011199,1.32455E-06,0.0130501,5.25716,5.24089,0.994914,139,94,0,0
fxspatial/pixels/fxspatial.dispmap.scale-transform-zero_s1_t0_preview_con.raw,256,144,0.285355,0.431152,0.696655,0.000976562,0.0011199,1.32455E-06,0.0130501,5.25716,5.24089,0.994914,139,94,0,0
fxspatial/pixels/fxspatial.dispmap.scale-transform-zero_s2_t0_delivery_coff.raw,512,288,0.286179,0.355225,0.699158,0.000976562,0.00116595,1.51661E-06,0.0137104,5.30599,5.287,0.991423,279,186,0,0
fxspatial/pixels/fxspatial.dispmap.scale-transform-zero_s2_t0_export_coff.raw,512,288,0.286179,0.355225,0.699158,0.000976562,0.00116595,1.51661E-06,0.0137104,5.30599,5.287,0.991423,279,186,0,0
fxspatial/pixels/fxspatial.dispmap.scale-transform-zero_s2_t0_export_con.raw,512,288,0.286179,0.355225,0.699158,0.000976562,0.00116595,1.51661E-06,0.0137104,5.30599,5.287,0.991423,279,186,0,0
fxspatial/pixels/fxspatial.dispmap.scale-transform-zero_s2_t0_preview_coff.raw,512,288,0.286179,0.355225,0.699158,0.000976562,0.00116595,1.51661E-06,0.0137104,5.30599,5.287,0.991423,279,186,0,0
fxspatial/pixels/fxspatial.dispmap.scale-transform-zero_s2_t0_preview_con.raw,512,288,0.286179,0.355225,0.699158,0.000976562,0.00116595,1.51661E-06,0.0137104,5.30599,5.287,0.991423,279,186,0,0
fxspatial/pixels/fxspatial.dispmap.scale-transform_s0.5_t0_delivery_coff.raw,128,72,0.0200195,0.204529,0.415527,0.000976562,0.00104107,4.3975E-06,0.0128336,6.48872,6.46701,0.994665,79,50,0,0
fxspatial/pixels/fxspatial.dispmap.scale-transform_s0.5_t0_export_coff.raw,128,72,0.0200195,0.204529,0.415527,0.000976562,0.00104107,4.3975E-06,0.0128336,6.48872,6.46701,0.994665,79,50,0,0
fxspatial/pixels/fxspatial.dispmap.scale-transform_s0.5_t0_export_con.raw,128,72,0.0200195,0.204529,0.415527,0.000976562,0.00104107,4.3975E-06,0.0128336,6.48872,6.46701,0.994665,79,50,0,0
fxspatial/pixels/fxspatial.dispmap.scale-transform_s0.5_t0_preview_coff.raw,128,72,0.0200195,0.204529,0.415527,0.000976562,0.00104107,4.3975E-06,0.0128336,6.48872,6.46701,0.994665,79,50,0,0
fxspatial/pixels/fxspatial.dispmap.scale-transform_s0.5_t0_preview_con.raw,128,72,0.0200195,0.204529,0.415527,0.000976562,0.00104107,4.3975E-06,0.0128336,6.48872,6.46701,0.994665,79,50,0,0
fxspatial/pixels/fxspatial.dispmap.scale-transform_s0.75_t0_delivery_coff.raw,192,108,0.0219727,0.203491,0.408875,0.000976562,0.00104718,4.54467E-06,0.0130655,6.52488,6.3561,0.992128,119,75,0,0
fxspatial/pixels/fxspatial.dispmap.scale-transform_s0.75_t0_export_coff.raw,192,108,0.0219727,0.203491,0.408875,0.000976562,0.00104718,4.54467E-06,0.0130655,6.52488,6.3561,0.992128,119,75,0,0
fxspatial/pixels/fxspatial.dispmap.scale-transform_s0.75_t0_export_con.raw,192,108,0.0219727,0.203491,0.408875,0.000976562,0.00104718,4.54467E-06,0.0130655,6.52488,6.3561,0.992128,119,75,0,0
fxspatial/pixels/fxspatial.dispmap.scale-transform_s0.75_t0_preview_coff.raw,192,108,0.0219727,0.203491,0.408875,0.000976562,0.00104718,4.54467E-06,0.0130655,6.52488,6.3561,0.992128,119,75,0,0
fxspatial/pixels/fxspatial.dispmap.scale-transform_s0.75_t0_preview_con.raw,192,108,0.0219727,0.203491,0.408875,0.000976562,0.00104718,4.54467E-06,0.0130655,6.52488,6.3561,0.992128,119,75,0,0
fxspatial/pixels/fxspatial.dispmap.scale-transform_s1.5_t0_delivery_coff.raw,384,216,0.0229492,0.419189,0.419922,0.000976562,0.00106301,4.34452E-06,0.0142613,5.46996,5.44343,0.990391,235,149,0,0
fxspatial/pixels/fxspatial.dispmap.scale-transform_s1.5_t0_export_coff.raw,384,216,0.0229492,0.419189,0.419922,0.000976562,0.00106301,4.34452E-06,0.0142613,5.46996,5.44343,0.990391,235,149,0,0
fxspatial/pixels/fxspatial.dispmap.scale-transform_s1.5_t0_export_con.raw,384,216,0.0229492,0.419189,0.419922,0.000976562,0.00106301,4.34452E-06,0.0142613,5.46996,5.44343,0.990391,235,149,0,0
fxspatial/pixels/fxspatial.dispmap.scale-transform_s1.5_t0_preview_coff.raw,384,216,0.0229492,0.419189,0.419922,0.000976562,0.00106301,4.34452E-06,0.0142613,5.46996,5.44343,0.990391,235,149,0,0
fxspatial/pixels/fxspatial.dispmap.scale-transform_s1.5_t0_preview_con.raw,384,216,0.0229492,0.419189,0.419922,0.000976562,0.00106301,4.34452E-06,0.0142613,5.46996,5.44343,0.990391,235,149,0,0
fxspatial/pixels/fxspatial.dispmap.scale-transform_s1_t0_delivery_coff.raw,256,144,0.0229492,0.210693,0.419922,0.000976562,0.00104633,4.45048E-06,0.0138892,5.64236,5.63151,0.991904,157,99,0,0
fxspatial/pixels/fxspatial.dispmap.scale-transform_s1_t0_export_coff.raw,256,144,0.0229492,0.210693,0.419922,0.000976562,0.00104633,4.45048E-06,0.0138892,5.64236,5.63151,0.991904,157,99,0,0
fxspatial/pixels/fxspatial.dispmap.scale-transform_s1_t0_export_con.raw,256,144,0.0229492,0.210693,0.419922,0.000976562,0.00104633,4.45048E-06,0.0138892,5.64236,5.63151,0.991904,157,99,0,0
fxspatial/pixels/fxspatial.dispmap.scale-transform_s1_t0_preview_coff.raw,256,144,0.0229492,0.210693,0.419922,0.000976562,0.00104633,4.45048E-06,0.0138892,5.64236,5.63151,0.991904,157,99,0,0
fxspatial/pixels/fxspatial.dispmap.scale-transform_s1_t0_preview_con.raw,256,144,0.0229492,0.210693,0.419922,0.000976562,0.00104633,4.45048E-06,0.0138892,5.64236,5.63151,0.991904,157,99,0,0
fxspatial/pixels/fxspatial.dispmap.scale-transform_s2_t0_delivery_coff.raw,512,288,0.0229492,0.370361,0.419922,0.000976562,0.00106489,4.49684E-06,0.0140471,5.73866,5.70407,0.990776,313,198,0,0
fxspatial/pixels/fxspatial.dispmap.scale-transform_s2_t0_export_coff.raw,512,288,0.0229492,0.370361,0.419922,0.000976562,0.00106489,4.49684E-06,0.0140471,5.73866,5.70407,0.990776,313,198,0,0
fxspatial/pixels/fxspatial.dispmap.scale-transform_s2_t0_export_con.raw,512,288,0.0229492,0.370361,0.419922,0.000976562,0.00106489,4.49684E-06,0.0140471,5.73866,5.70407,0.990776,313,198,0,0
fxspatial/pixels/fxspatial.dispmap.scale-transform_s2_t0_preview_coff.raw,512,288,0.0229492,0.370361,0.419922,0.000976562,0.00106489,4.49684E-06,0.0140471,5.73866,5.70407,0.990776,313,198,0,0
fxspatial/pixels/fxspatial.dispmap.scale-transform_s2_t0_preview_con.raw,512,288,0.0229492,0.370361,0.419922,0.000976562,0.00106489,4.49684E-06,0.0140471,5.73866,5.70407,0.990776,313,198,0,0
fxspatial/pixels/fxspatial.dispmap.scale-transform_s3_t0_delivery_coff.raw,768,432,0.0229492,0.258423,0.419922,0.000976562,0.00105131,4.51818E-06,0.0138966,5.68908,5.66889,0.993068,467,294,0,0
fxspatial/pixels/fxspatial.dispmap.scale-transform_s3_t0_export_coff.raw,768,432,0.0229492,0.258423,0.419922,0.000976562,0.00105131,4.51818E-06,0.0138966,5.68908,5.66889,0.993068,467,294,0,0
fxspatial/pixels/fxspatial.dispmap.scale-transform_s3_t0_export_con.raw,768,432,0.0229492,0.258423,0.419922,0.000976562,0.00105131,4.51818E-06,0.0138966,5.68908,5.66889,0.993068,467,294,0,0
fxspatial/pixels/fxspatial.dispmap.scale-transform_s3_t0_preview_coff.raw,768,432,0.0229492,0.258423,0.419922,0.000976562,0.00105131,4.51818E-06,0.0138966,5.68908,5.66889,0.993068,467,294,0,0
fxspatial/pixels/fxspatial.dispmap.scale-transform_s3_t0_preview_con.raw,768,432,0.0229492,0.258423,0.419922,0.000976562,0.00105131,4.51818E-06,0.0138966,5.68908,5.66889,0.993068,467,294,0,0
fxspatial/pixels/fxspatial.dispmap.spread-decal_s0.5_t0_delivery_coff.raw,128,72,0.51918,0.39502,0.586914,1,0.00288388,0.00594367,0.0240158,7.23741,7.22656,0.982535,79,20,0,0
fxspatial/pixels/fxspatial.dispmap.spread-decal_s0.5_t0_export_coff.raw,128,72,0.51918,0.39502,0.586914,1,0.00288388,0.00594367,0.0240158,7.23741,7.22656,0.982535,79,20,0,0
fxspatial/pixels/fxspatial.dispmap.spread-decal_s0.5_t0_export_con.raw,128,72,0.51918,0.39502,0.586914,1,0.00288388,0.00594367,0.0240158,7.23741,7.22656,0.982535,79,20,0,0
fxspatial/pixels/fxspatial.dispmap.spread-decal_s0.5_t0_preview_coff.raw,128,72,0.51918,0.39502,0.586914,1,0.00288388,0.00594367,0.0240158,7.23741,7.22656,0.982535,79,20,0,0
fxspatial/pixels/fxspatial.dispmap.spread-decal_s0.5_t0_preview_con.raw,128,72,0.51918,0.39502,0.586914,1,0.00288388,0.00594367,0.0240158,7.23741,7.22656,0.982535,79,20,0,0
fxspatial/pixels/fxspatial.dispmap.spread-decal_s1_t0_delivery_coff.raw,256,144,0.868652,0.790039,0.790039,1,0.00299838,0.0059438,0.0293217,6.83865,6.83322,0.971347,158,40,0,0
fxspatial/pixels/fxspatial.dispmap.spread-decal_s1_t0_export_coff.raw,256,144,0.868652,0.790039,0.790039,1,0.00299838,0.0059438,0.0293217,6.83865,6.83322,0.971347,158,40,0,0
fxspatial/pixels/fxspatial.dispmap.spread-decal_s1_t0_export_con.raw,256,144,0.868652,0.790039,0.790039,1,0.00299838,0.0059438,0.0293217,6.83865,6.83322,0.971347,158,40,0,0
fxspatial/pixels/fxspatial.dispmap.spread-decal_s1_t0_preview_coff.raw,256,144,0.868652,0.790039,0.790039,1,0.00299838,0.0059438,0.0293217,6.83865,6.83322,0.971347,158,40,0,0
fxspatial/pixels/fxspatial.dispmap.spread-decal_s1_t0_preview_con.raw,256,144,0.868652,0.790039,0.790039,1,0.00299838,0.0059438,0.0293217,6.83865,6.83322,0.971347,158,40,0,0
fxspatial/pixels/fxspatial.dispmap.spread-decal_s2_t0_delivery_coff.raw,512,288,0.868652,0.790039,0.790039,1,0.00298362,0.00588285,0.029439,6.84204,6.82916,0.976953,316,80,0,0
fxspatial/pixels/fxspatial.dispmap.spread-decal_s2_t0_export_coff.raw,512,288,0.868652,0.790039,0.790039,1,0.00298362,0.00588285,0.029439,6.84204,6.82916,0.976953,316,80,0,0
fxspatial/pixels/fxspatial.dispmap.spread-decal_s2_t0_export_con.raw,512,288,0.868652,0.790039,0.790039,1,0.00298362,0.00588285,0.029439,6.84204,6.82916,0.976953,316,80,0,0
fxspatial/pixels/fxspatial.dispmap.spread-decal_s2_t0_preview_coff.raw,512,288,0.868652,0.790039,0.790039,1,0.00298362,0.00588285,0.029439,6.84204,6.82916,0.976953,316,80,0,0
fxspatial/pixels/fxspatial.dispmap.spread-decal_s2_t0_preview_con.raw,512,288,0.868652,0.790039,0.790039,1,0.00298362,0.00588285,0.029439,6.84204,6.82916,0.976953,316,80,0,0
fxspatial/pixels/fxspatial.dispmap.spread-pad_s0.5_t0_delivery_coff.raw,128,72,0.51918,0.338623,0.669128,0.000976562,0.00222561,3.97364E-06,0.0187226,7.47613,7.46528,0.989932,67,49,0,0
fxspatial/pixels/fxspatial.dispmap.spread-pad_s0.5_t0_export_coff.raw,128,72,0.51918,0.338623,0.669128,0.000976562,0.00222561,3.97364E-06,0.0187226,7.47613,7.46528,0.989932,67,49,0,0
fxspatial/pixels/fxspatial.dispmap.spread-pad_s0.5_t0_export_con.raw,128,72,0.51918,0.338623,0.669128,0.000976562,0.00222561,3.97364E-06,0.0187226,7.47613,7.46528,0.989932,67,49,0,0
fxspatial/pixels/fxspatial.dispmap.spread-pad_s0.5_t0_preview_coff.raw,128,72,0.51918,0.338623,0.669128,0.000976562,0.00222561,3.97364E-06,0.0187226,7.47613,7.46528,0.989932,67,49,0,0
fxspatial/pixels/fxspatial.dispmap.spread-pad_s0.5_t0_preview_con.raw,128,72,0.51918,0.338623,0.669128,0.000976562,0.00222561,3.97364E-06,0.0187226,7.47613,7.46528,0.989932,67,49,0,0
fxspatial/pixels/fxspatial.dispmap.spread-pad_s1_t0_delivery_coff.raw,256,144,0.759094,0.344971,0.713989,0.000976562,0.00227651,4.07961E-06,0.0219355,7.0855,7.06923,0.980547,124,101,0,0
fxspatial/pixels/fxspatial.dispmap.spread-pad_s1_t0_export_coff.raw,256,144,0.759094,0.344971,0.713989,0.000976562,0.00227651,4.07961E-06,0.0219355,7.0855,7.06923,0.980547,124,101,0,0
fxspatial/pixels/fxspatial.dispmap.spread-pad_s1_t0_export_con.raw,256,144,0.759094,0.344971,0.713989,0.000976562,0.00227651,4.07961E-06,0.0219355,7.0855,7.06923,0.980547,124,101,0,0
fxspatial/pixels/fxspatial.dispmap.spread-pad_s1_t0_preview_coff.raw,256,144,0.759094,0.344971,0.713989,0.000976562,0.00227651,4.07961E-06,0.0219355,7.0855,7.06923,0.980547,124,101,0,0
fxspatial/pixels/fxspatial.dispmap.spread-pad_s1_t0_preview_con.raw,256,144,0.759094,0.344971,0.713989,0.000976562,0.00227651,4.07961E-06,0.0219355,7.0855,7.06923,0.980547,124,101,0,0
fxspatial/pixels/fxspatial.dispmap.spread-pad_s2_t0_delivery_coff.raw,512,288,0.835419,0.440186,0.713989,0.000976562,0.00225172,4.07298E-06,0.0219206,7.10449,7.0855,0.985013,247,202,0,0
fxspatial/pixels/fxspatial.dispmap.spread-pad_s2_t0_export_coff.raw,512,288,0.835419,0.440186,0.713989,0.000976562,0.00225172,4.07298E-06,0.0219206,7.10449,7.0855,0.985013,247,202,0,0
fxspatial/pixels/fxspatial.dispmap.spread-pad_s2_t0_export_con.raw,512,288,0.835419,0.440186,0.713989,0.000976562,0.00225172,4.07298E-06,0.0219206,7.10449,7.0855,0.985013,247,202,0,0
fxspatial/pixels/fxspatial.dispmap.spread-pad_s2_t0_preview_coff.raw,512,288,0.835419,0.440186,0.713989,0.000976562,0.00225172,4.07298E-06,0.0219206,7.10449,7.0855,0.985013,247,202,0,0
fxspatial/pixels/fxspatial.dispmap.spread-pad_s2_t0_preview_con.raw,512,288,0.835419,0.440186,0.713989,0.000976562,0.00225172,4.07298E-06,0.0219206,7.10449,7.0855,0.985013,247,202,0,0
fxspatial/pixels/fxspatial.dispmap.spread-reflect_s0.5_t0_delivery_coff.raw,128,72,0.51918,0.341797,0.631714,0.000976562,0.00239735,3.97364E-06,0.0188343,8.30078,8.28993,0.989617,67,49,0,0
fxspatial/pixels/fxspatial.dispmap.spread-reflect_s0.5_t0_export_coff.raw,128,72,0.51918,0.341797,0.631714,0.000976562,0.00239735,3.97364E-06,0.0188343,8.30078,8.28993,0.989617,67,49,0,0
fxspatial/pixels/fxspatial.dispmap.spread-reflect_s0.5_t0_export_con.raw,128,72,0.51918,0.341797,0.631714,0.000976562,0.00239735,3.97364E-06,0.0188343,8.30078,8.28993,0.989617,67,49,0,0
fxspatial/pixels/fxspatial.dispmap.spread-reflect_s0.5_t0_preview_coff.raw,128,72,0.51918,0.341797,0.631714,0.000976562,0.00239735,3.97364E-06,0.0188343,8.30078,8.28993,0.989617,67,49,0,0
fxspatial/pixels/fxspatial.dispmap.spread-reflect_s0.5_t0_preview_con.raw,128,72,0.51918,0.341797,0.631714,0.000976562,0.00239735,3.97364E-06,0.0188343,8.30078,8.28993,0.989617,67,49,0,0
fxspatial/pixels/fxspatial.dispmap.spread-reflect_s1_t0_delivery_coff.raw,256,144,0.759903,0.35083,0.713989,0.000976562,0.002465,4.07961E-06,0.0221037,7.98611,7.97797,0.980351,124,101,0,0
fxspatial/pixels/fxspatial.dispmap.spread-reflect_s1_t0_export_coff.raw,256,144,0.759903,0.35083,0.713989,0.000976562,0.002465,4.07961E-06,0.0221037,7.98611,7.97797,0.980351,124,101,0,0
fxspatial/pixels/fxspatial.dispmap.spread-reflect_s1_t0_export_con.raw,256,144,0.759903,0.35083,0.713989,0.000976562,0.002465,4.07961E-06,0.0221037,7.98611,7.97797,0.980351,124,101,0,0
fxspatial/pixels/fxspatial.dispmap.spread-reflect_s1_t0_preview_coff.raw,256,144,0.759903,0.35083,0.713989,0.000976562,0.002465,4.07961E-06,0.0221037,7.98611,7.97797,0.980351,124,101,0,0
fxspatial/pixels/fxspatial.dispmap.spread-reflect_s1_t0_preview_con.raw,256,144,0.759903,0.35083,0.713989,0.000976562,0.002465,4.07961E-06,0.0221037,7.98611,7.97797,0.980351,124,101,0,0
fxspatial/pixels/fxspatial.dispmap.spread-reflect_s2_t0_delivery_coff.raw,512,288,0.836639,0.440186,0.713989,0.000976562,0.00243815,4.07298E-06,0.0220887,7.99764,7.98272,0.984665,247,203,0,0
fxspatial/pixels/fxspatial.dispmap.spread-reflect_s2_t0_export_coff.raw,512,288,0.836639,0.440186,0.713989,0.000976562,0.00243815,4.07298E-06,0.0220887,7.99764,7.98272,0.984665,247,203,0,0
fxspatial/pixels/fxspatial.dispmap.spread-reflect_s2_t0_export_con.raw,512,288,0.836639,0.440186,0.713989,0.000976562,0.00243815,4.07298E-06,0.0220887,7.99764,7.98272,0.984665,247,203,0,0
fxspatial/pixels/fxspatial.dispmap.spread-reflect_s2_t0_preview_coff.raw,512,288,0.836639,0.440186,0.713989,0.000976562,0.00243815,4.07298E-06,0.0220887,7.99764,7.98272,0.984665,247,203,0,0
fxspatial/pixels/fxspatial.dispmap.spread-reflect_s2_t0_preview_con.raw,512,288,0.836639,0.440186,0.713989,0.000976562,0.00243815,4.07298E-06,0.0220887,7.99764,7.98272,0.984665,247,203,0,0
fxspatial/pixels/fxspatial.dispmap.spread-repeat_s0.5_t0_delivery_coff.raw,128,72,0.51918,0.352722,0.555891,0.000976562,0.00316914,5.19223E-06,0.0250694,8.32248,8.31163,0.985369,76,43,0,0
fxspatial/pixels/fxspatial.dispmap.spread-repeat_s0.5_t0_export_coff.raw,128,72,0.51918,0.352722,0.555891,0.000976562,0.00316914,5.19223E-06,0.0250694,8.32248,8.31163,0.985369,76,43,0,0
fxspatial/pixels/fxspatial.dispmap.spread-repeat_s0.5_t0_export_con.raw,128,72,0.51918,0.352722,0.555891,0.000976562,0.00316914,5.19223E-06,0.0250694,8.32248,8.31163,0.985369,76,43,0,0
fxspatial/pixels/fxspatial.dispmap.spread-repeat_s0.5_t0_preview_coff.raw,128,72,0.51918,0.352722,0.555891,0.000976562,0.00316914,5.19223E-06,0.0250694,8.32248,8.31163,0.985369,76,43,0,0
fxspatial/pixels/fxspatial.dispmap.spread-repeat_s0.5_t0_preview_con.raw,128,72,0.51918,0.352722,0.555891,0.000976562,0.00316914,5.19223E-06,0.0250694,8.32248,8.31163,0.985369,76,43,0,0
fxspatial/pixels/fxspatial.dispmap.spread-repeat_s1_t0_delivery_coff.raw,256,144,0.788208,0.715271,0.721497,0.000976562,0.00330209,5.53661E-06,0.0302308,8.03765,8.03223,0.975873,123,101,0,0
fxspatial/pixels/fxspatial.dispmap.spread-repeat_s1_t0_export_coff.raw,256,144,0.788208,0.715271,0.721497,0.000976562,0.00330209,5.53661E-06,0.0302308,8.03765,8.03223,0.975873,123,101,0,0
fxspatial/pixels/fxspatial.dispmap.spread-repeat_s1_t0_export_con.raw,256,144,0.788208,0.715271,0.721497,0.000976562,0.00330209,5.53661E-06,0.0302308,8.03765,8.03223,0.975873,123,101,0,0
fxspatial/pixels/fxspatial.dispmap.spread-repeat_s1_t0_preview_coff.raw,256,144,0.788208,0.715271,0.721497,0.000976562,0.00330209,5.53661E-06,0.0302308,8.03765,8.03223,0.975873,123,101,0,0
fxspatial/pixels/fxspatial.dispmap.spread-repeat_s1_t0_preview_con.raw,256,144,0.788208,0.715271,0.721497,0.000976562,0.00330209,5.53661E-06,0.0302308,8.03765,8.03223,0.975873,123,101,0,0
fxspatial/pixels/fxspatial.dispmap.spread-repeat_s2_t0_delivery_coff.raw,512,288,0.862656,0.734253,0.725281,0.000976562,0.00329272,5.6227E-06,0.0303455,8.0485,8.03562,0.980241,247,202,0,0
fxspatial/pixels/fxspatial.dispmap.spread-repeat_s2_t0_export_coff.raw,512,288,0.862656,0.734253,0.725281,0.000976562,0.00329272,5.6227E-06,0.0303455,8.0485,8.03562,0.980241,247,202,0,0
fxspatial/pixels/fxspatial.dispmap.spread-repeat_s2_t0_export_con.raw,512,288,0.862656,0.734253,0.725281,0.000976562,0.00329272,5.6227E-06,0.0303455,8.0485,8.03562,0.980241,247,202,0,0
fxspatial/pixels/fxspatial.dispmap.spread-repeat_s2_t0_preview_coff.raw,512,288,0.862656,0.734253,0.725281,0.000976562,0.00329272,5.6227E-06,0.0303455,8.0485,8.03562,0.980241,247,202,0,0
fxspatial/pixels/fxspatial.dispmap.spread-repeat_s2_t0_preview_con.raw,512,288,0.862656,0.734253,0.725281,0.000976562,0.00329272,5.6227E-06,0.0303455,8.0485,8.03562,0.980241,247,202,0,0
fxspatial/pixels/fxspatial.dispmap.tiny-source_s0.5_t0_delivery_coff.raw,128,72,0.5,0.0294189,0,0.5,1.91485E-05,5.42535E-05,0.00301223,0.0108507,0.0108507,0.999701,63,34,0,0
fxspatial/pixels/fxspatial.dispmap.tiny-source_s0.5_t0_export_coff.raw,128,72,0.5,0.0294189,0,0.5,1.91485E-05,5.42535E-05,0.00301223,0.0108507,0.0108507,0.999701,63,34,0,0
fxspatial/pixels/fxspatial.dispmap.tiny-source_s0.5_t0_export_con.raw,128,72,0.5,0.0294189,0,0.5,1.91485E-05,5.42535E-05,0.00301223,0.0108507,0.0108507,0.999701,63,34,0,0
fxspatial/pixels/fxspatial.dispmap.tiny-source_s0.5_t0_preview_coff.raw,128,72,0.5,0.0294189,0,0.5,1.91485E-05,5.42535E-05,0.00301223,0.0108507,0.0108507,0.999701,63,34,0,0
fxspatial/pixels/fxspatial.dispmap.tiny-source_s0.5_t0_preview_con.raw,128,72,0.5,0.0294189,0,0.5,1.91485E-05,5.42535E-05,0.00301223,0.0108507,0.0108507,0.999701,63,34,0,0
fxspatial/pixels/fxspatial.dispmap.tiny-source_s0.75_t0_delivery_coff.raw,192,108,0.75,0.0441284,0,0.75,3.82971E-05,0.000108507,0.00521734,0.0144676,0.0144676,0.99915,96,53,0,0
fxspatial/pixels/fxspatial.dispmap.tiny-source_s0.75_t0_export_coff.raw,192,108,0.75,0.0441284,0,0.75,3.82971E-05,0.000108507,0.00521734,0.0144676,0.0144676,0.99915,96,53,0,0
fxspatial/pixels/fxspatial.dispmap.tiny-source_s0.75_t0_export_con.raw,192,108,0.75,0.0441284,0,0.75,3.82971E-05,0.000108507,0.00521734,0.0144676,0.0144676,0.99915,96,53,0,0
fxspatial/pixels/fxspatial.dispmap.tiny-source_s0.75_t0_preview_coff.raw,192,108,0.75,0.0441284,0,0.75,3.82971E-05,0.000108507,0.00521734,0.0144676,0.0144676,0.99915,96,53,0,0
fxspatial/pixels/fxspatial.dispmap.tiny-source_s0.75_t0_preview_con.raw,192,108,0.75,0.0441284,0,0.75,3.82971E-05,0.000108507,0.00521734,0.0144676,0.0144676,0.99915,96,53,0,0
fxspatial/pixels/fxspatial.dispmap.tiny-source_s1.5_t0_delivery_coff.raw,384,216,0.5,0.0294189,0,0.5,1.27657E-05,3.6169E-05,0.00245948,0.0072338,0.0072338,0.999928,193,104,0,0
fxspatial/pixels/fxspatial.dispmap.tiny-source_s1.5_t0_export_coff.raw,384,216,0.5,0.0294189,0,0.5,1.27657E-05,3.6169E-05,0.00245948,0.0072338,0.0072338,0.999928,193,104,0,0
fxspatial/pixels/fxspatial.dispmap.tiny-source_s1.5_t0_export_con.raw,384,216,0.5,0.0294189,0,0.5,1.27657E-05,3.6169E-05,0.00245948,0.0072338,0.0072338,0.999928,193,104,0,0
fxspatial/pixels/fxspatial.dispmap.tiny-source_s1.5_t0_preview_coff.raw,384,216,0.5,0.0294189,0,0.5,1.27657E-05,3.6169E-05,0.00245948,0.0072338,0.0072338,0.999928,193,104,0,0
fxspatial/pixels/fxspatial.dispmap.tiny-source_s1.5_t0_preview_con.raw,384,216,0.5,0.0294189,0,0.5,1.27657E-05,3.6169E-05,0.00245948,0.0072338,0.0072338,0.999928,193,104,0,0
fxspatial/pixels/fxspatial.dispmap.translate-large_s0.5_t0_delivery_coff.raw,128,72,0.763977,0.351929,0.717712,0.000976562,0.004236,6.62274E-06,0.0300752,7.50868,7.50868,0.98042,60,48,0,0
fxspatial/pixels/fxspatial.dispmap.translate-large_s0.5_t0_export_coff.raw,128,72,0.763977,0.351929,0.717712,0.000976562,0.004236,6.62274E-06,0.0300752,7.50868,7.50868,0.98042,60,48,0,0
fxspatial/pixels/fxspatial.dispmap.translate-large_s0.5_t0_export_con.raw,128,72,0.763977,0.351929,0.717712,0.000976562,0.004236,6.62274E-06,0.0300752,7.50868,7.50868,0.98042,60,48,0,0
fxspatial/pixels/fxspatial.dispmap.translate-large_s0.5_t0_preview_coff.raw,128,72,0.763977,0.351929,0.717712,0.000976562,0.004236,6.62274E-06,0.0300752,7.50868,7.50868,0.98042,60,48,0,0
fxspatial/pixels/fxspatial.dispmap.translate-large_s0.5_t0_preview_con.raw,128,72,0.763977,0.351929,0.717712,0.000976562,0.004236,6.62274E-06,0.0300752,7.50868,7.50868,0.98042,60,48,0,0
fxspatial/pixels/fxspatial.dispmap.translate-large_s1_t0_delivery_coff.raw,256,144,0.847473,0.426758,0.719543,0.000976562,0.00432602,6.62274E-06,0.0329139,7.16417,7.15603,0.973945,120,98,0,0
fxspatial/pixels/fxspatial.dispmap.translate-large_s1_t0_export_coff.raw,256,144,0.847473,0.426758,0.719543,0.000976562,0.00432602,6.62274E-06,0.0329139,7.16417,7.15603,0.973945,120,98,0,0
fxspatial/pixels/fxspatial.dispmap.translate-large_s1_t0_export_con.raw,256,144,0.847473,0.426758,0.719543,0.000976562,0.00432602,6.62274E-06,0.0329139,7.16417,7.15603,0.973945,120,98,0,0
fxspatial/pixels/fxspatial.dispmap.translate-large_s1_t0_preview_coff.raw,256,144,0.847473,0.426758,0.719543,0.000976562,0.00432602,6.62274E-06,0.0329139,7.16417,7.15603,0.973945,120,98,0,0
fxspatial/pixels/fxspatial.dispmap.translate-large_s1_t0_preview_con.raw,256,144,0.847473,0.426758,0.719543,0.000976562,0.00432602,6.62274E-06,0.0329139,7.16417,7.15603,0.973945,120,98,0,0
fxspatial/pixels/fxspatial.dispmap.translate-large_s2_t0_delivery_coff.raw,512,288,0.847473,0.465332,0.719543,0.000976562,0.00433825,6.68234E-06,0.0330625,7.17367,7.15332,0.97787,240,197,0,0
fxspatial/pixels/fxspatial.dispmap.translate-large_s2_t0_export_coff.raw,512,288,0.847473,0.465332,0.719543,0.000976562,0.00433825,6.68234E-06,0.0330625,7.17367,7.15332,0.97787,240,197,0,0
fxspatial/pixels/fxspatial.dispmap.translate-large_s2_t0_export_con.raw,512,288,0.847473,0.465332,0.719543,0.000976562,0.00433825,6.68234E-06,0.0330625,7.17367,7.15332,0.97787,240,197,0,0
fxspatial/pixels/fxspatial.dispmap.translate-large_s2_t0_preview_coff.raw,512,288,0.847473,0.465332,0.719543,0.000976562,0.00433825,6.68234E-06,0.0330625,7.17367,7.15332,0.97787,240,197,0,0
fxspatial/pixels/fxspatial.dispmap.translate-large_s2_t0_preview_con.raw,512,288,0.847473,0.465332,0.719543,0.000976562,0.00433825,6.68234E-06,0.0330625,7.17367,7.15332,0.97787,240,197,0,0
fxspatial/pixels/fxspatial.dispmap.translate-negative_s0.5_t0_delivery_coff.raw,128,72,0.518234,0.400635,0.348785,0.000976562,0.0024491,1.01195E-05,0.0204097,9.14714,9.11458,0.98371,73,50,0,0
fxspatial/pixels/fxspatial.dispmap.translate-negative_s0.5_t0_export_coff.raw,128,72,0.518234,0.400635,0.348785,0.000976562,0.0024491,1.01195E-05,0.0204097,9.14714,9.11458,0.98371,73,50,0,0
fxspatial/pixels/fxspatial.dispmap.translate-negative_s0.5_t0_export_con.raw,128,72,0.518234,0.400635,0.348785,0.000976562,0.0024491,1.01195E-05,0.0204097,9.14714,9.11458,0.98371,73,50,0,0
fxspatial/pixels/fxspatial.dispmap.translate-negative_s0.5_t0_preview_coff.raw,128,72,0.518234,0.400635,0.348785,0.000976562,0.0024491,1.01195E-05,0.0204097,9.14714,9.11458,0.98371,73,50,0,0
fxspatial/pixels/fxspatial.dispmap.translate-negative_s0.5_t0_preview_con.raw,128,72,0.518234,0.400635,0.348785,0.000976562,0.0024491,1.01195E-05,0.0204097,9.14714,9.11458,0.98371,73,50,0,0
fxspatial/pixels/fxspatial.dispmap.translate-negative_s1_t0_delivery_coff.raw,256,144,0.534698,0.411621,0.360992,0.000976562,0.00247242,9.98709E-06,0.0223283,8.8406,8.8406,0.971382,147,101,0,0
fxspatial/pixels/fxspatial.dispmap.translate-negative_s1_t0_export_coff.raw,256,144,0.534698,0.411621,0.360992,0.000976562,0.00247242,9.98709E-06,0.0223283,8.8406,8.8406,0.971382,147,101,0,0
fxspatial/pixels/fxspatial.dispmap.translate-negative_s1_t0_export_con.raw,256,144,0.534698,0.411621,0.360992,0.000976562,0.00247242,9.98709E-06,0.0223283,8.8406,8.8406,0.971382,147,101,0,0
fxspatial/pixels/fxspatial.dispmap.translate-negative_s1_t0_preview_coff.raw,256,144,0.534698,0.411621,0.360992,0.000976562,0.00247242,9.98709E-06,0.0223283,8.8406,8.8406,0.971382,147,101,0,0
fxspatial/pixels/fxspatial.dispmap.translate-negative_s1_t0_preview_con.raw,256,144,0.534698,0.411621,0.360992,0.000976562,0.00247242,9.98709E-06,0.0223283,8.8406,8.8406,0.971382,147,101,0,0
fxspatial/pixels/fxspatial.dispmap.translate-negative_s2_t0_delivery_coff.raw,512,288,0.542915,0.411621,0.364838,0.000976562,0.00248068,1.01328E-05,0.0224396,8.80669,8.80602,0.976777,296,203,0,0
fxspatial/pixels/fxspatial.dispmap.translate-negative_s2_t0_export_coff.raw,512,288,0.542915,0.411621,0.364838,0.000976562,0.00248068,1.01328E-05,0.0224396,8.80669,8.80602,0.976777,296,203,0,0
fxspatial/pixels/fxspatial.dispmap.translate-negative_s2_t0_export_con.raw,512,288,0.542915,0.411621,0.364838,0.000976562,0.00248068,1.01328E-05,0.0224396,8.80669,8.80602,0.976777,296,203,0,0
fxspatial/pixels/fxspatial.dispmap.translate-negative_s2_t0_preview_coff.raw,512,288,0.542915,0.411621,0.364838,0.000976562,0.00248068,1.01328E-05,0.0224396,8.80669,8.80602,0.976777,296,203,0,0
fxspatial/pixels/fxspatial.dispmap.translate-negative_s2_t0_preview_con.raw,512,288,0.542915,0.411621,0.364838,0.000976562,0.00248068,1.01328E-05,0.0224396,8.80669,8.80602,0.976777,296,203,0,0
fxspatial/pixels/fxspatial.dispmap.translate-small_s0.5_t0_delivery_coff.raw,128,72,0.121902,0.0526733,0.107788,0.000976562,0.000173275,4.23855E-07,0.0026192,2.52821,2.52821,0.99959,78,49,0,0
fxspatial/pixels/fxspatial.dispmap.translate-small_s0.5_t0_export_coff.raw,128,72,0.121902,0.0526733,0.107788,0.000976562,0.000173275,4.23855E-07,0.0026192,2.52821,2.52821,0.99959,78,49,0,0
fxspatial/pixels/fxspatial.dispmap.translate-small_s0.5_t0_export_con.raw,128,72,0.121902,0.0526733,0.107788,0.000976562,0.000173275,4.23855E-07,0.0026192,2.52821,2.52821,0.99959,78,49,0,0
fxspatial/pixels/fxspatial.dispmap.translate-small_s0.5_t0_preview_coff.raw,128,72,0.121902,0.0526733,0.107788,0.000976562,0.000173275,4.23855E-07,0.0026192,2.52821,2.52821,0.99959,78,49,0,0
fxspatial/pixels/fxspatial.dispmap.translate-small_s0.5_t0_preview_con.raw,128,72,0.121902,0.0526733,0.107788,0.000976562,0.000173275,4.23855E-07,0.0026192,2.52821,2.52821,0.99959,78,49,0,0
fxspatial/pixels/fxspatial.dispmap.translate-small_s0.75_t0_delivery_coff.raw,192,108,0.125732,0.0820312,0.171753,0.000976562,0.000171285,5.18045E-07,0.00283846,2.53183,2.43056,0.999457,107,48,0,0
fxspatial/pixels/fxspatial.dispmap.translate-small_s0.75_t0_export_coff.raw,192,108,0.125732,0.0820312,0.171753,0.000976562,0.000171285,5.18045E-07,0.00283846,2.53183,2.43056,0.999457,107,48,0,0
fxspatial/pixels/fxspatial.dispmap.translate-small_s0.75_t0_export_con.raw,192,108,0.125732,0.0820312,0.171753,0.000976562,0.000171285,5.18045E-07,0.00283846,2.53183,2.43056,0.999457,107,48,0,0
fxspatial/pixels/fxspatial.dispmap.translate-small_s0.75_t0_preview_coff.raw,192,108,0.125732,0.0820312,0.171753,0.000976562,0.000171285,5.18045E-07,0.00283846,2.53183,2.43056,0.999457,107,48,0,0
fxspatial/pixels/fxspatial.dispmap.translate-small_s0.75_t0_preview_con.raw,192,108,0.125732,0.0820312,0.171753,0.000976562,0.000171285,5.18045E-07,0.00283846,2.53183,2.43056,0.999457,107,48,0,0
fxspatial/pixels/fxspatial.dispmap.translate-small_s1.5_t0_delivery_coff.raw,384,216,0.71286,0.273926,0.539124,0.000976562,0.000326733,5.53367E-07,0.0091026,2.12674,2.09298,0.996335,191,151,0,0
fxspatial/pixels/fxspatial.dispmap.translate-small_s1.5_t0_export_coff.raw,384,216,0.71286,0.273926,0.539124,0.000976562,0.000326733,5.53367E-07,0.0091026,2.12674,2.09298,0.996335,191,151,0,0
fxspatial/pixels/fxspatial.dispmap.translate-small_s1.5_t0_export_con.raw,384,216,0.71286,0.273926,0.539124,0.000976562,0.000326733,5.53367E-07,0.0091026,2.12674,2.09298,0.996335,191,151,0,0
fxspatial/pixels/fxspatial.dispmap.translate-small_s1.5_t0_preview_coff.raw,384,216,0.71286,0.273926,0.539124,0.000976562,0.000326733,5.53367E-07,0.0091026,2.12674,2.09298,0.996335,191,151,0,0
fxspatial/pixels/fxspatial.dispmap.translate-small_s1.5_t0_preview_con.raw,384,216,0.71286,0.273926,0.539124,0.000976562,0.000326733,5.53367E-07,0.0091026,2.12674,2.09298,0.996335,191,151,0,0
fxspatial/pixels/fxspatial.dispmap.translate-small_s1_t0_delivery_coff.raw,256,144,0.244141,0.102783,0.212891,0.000976562,0.000175864,4.50346E-07,0.00356714,2.08876,2.08605,0.999004,157,99,0,0
fxspatial/pixels/fxspatial.dispmap.translate-small_s1_t0_export_coff.raw,256,144,0.244141,0.102783,0.212891,0.000976562,0.000175864,4.50346E-07,0.00356714,2.08876,2.08605,0.999004,157,99,0,0
fxspatial/pixels/fxspatial.dispmap.translate-small_s1_t0_export_con.raw,256,144,0.244141,0.102783,0.212891,0.000976562,0.000175864,4.50346E-07,0.00356714,2.08876,2.08605,0.999004,157,99,0,0
fxspatial/pixels/fxspatial.dispmap.translate-small_s1_t0_preview_coff.raw,256,144,0.244141,0.102783,0.212891,0.000976562,0.000175864,4.50346E-07,0.00356714,2.08876,2.08605,0.999004,157,99,0,0
fxspatial/pixels/fxspatial.dispmap.translate-small_s1_t0_preview_con.raw,256,144,0.244141,0.102783,0.212891,0.000976562,0.000175864,4.50346E-07,0.00356714,2.08876,2.08605,0.999004,157,99,0,0
fxspatial/pixels/fxspatial.dispmap.translate-small_s2_t0_delivery_coff.raw,512,288,0.522232,0.318115,0.63031,0.000976562,0.000277481,5.36442E-07,0.00658856,2.32612,2.31595,0.99707,285,203,0,0
fxspatial/pixels/fxspatial.dispmap.translate-small_s2_t0_export_coff.raw,512,288,0.522232,0.318115,0.63031,0.000976562,0.000277481,5.36442E-07,0.00658856,2.32612,2.31595,0.99707,285,203,0,0
fxspatial/pixels/fxspatial.dispmap.translate-small_s2_t0_export_con.raw,512,288,0.522232,0.318115,0.63031,0.000976562,0.000277481,5.36442E-07,0.00658856,2.32612,2.31595,0.99707,285,203,0,0
fxspatial/pixels/fxspatial.dispmap.translate-small_s2_t0_preview_coff.raw,512,288,0.522232,0.318115,0.63031,0.000976562,0.000277481,5.36442E-07,0.00658856,2.32612,2.31595,0.99707,285,203,0,0
fxspatial/pixels/fxspatial.dispmap.translate-small_s2_t0_preview_con.raw,512,288,0.522232,0.318115,0.63031,0.000976562,0.000277481,5.36442E-07,0.00658856,2.32612,2.31595,0.99707,285,203,0,0
fxspatial/pixels/fxspatial.dispmap.translate-small_s3_t0_delivery_coff.raw,768,432,0.334625,0.318115,0.63031,0.000976562,0.000257168,5.88688E-07,0.00598372,2.3537,2.34375,0.997846,428,305,0,0
fxspatial/pixels/fxspatial.dispmap.translate-small_s3_t0_export_coff.raw,768,432,0.334625,0.318115,0.63031,0.000976562,0.000257168,5.88688E-07,0.00598372,2.3537,2.34375,0.997846,428,305,0,0
fxspatial/pixels/fxspatial.dispmap.translate-small_s3_t0_export_con.raw,768,432,0.334625,0.318115,0.63031,0.000976562,0.000257168,5.88688E-07,0.00598372,2.3537,2.34375,0.997846,428,305,0,0
fxspatial/pixels/fxspatial.dispmap.translate-small_s3_t0_preview_coff.raw,768,432,0.334625,0.318115,0.63031,0.000976562,0.000257168,5.88688E-07,0.00598372,2.3537,2.34375,0.997846,428,305,0,0
fxspatial/pixels/fxspatial.dispmap.translate-small_s3_t0_preview_con.raw,768,432,0.334625,0.318115,0.63031,0.000976562,0.000257168,5.88688E-07,0.00598372,2.3537,2.34375,0.997846,428,305,0,0
fxspatial/pixels/fxspatial.stress.chain-mosaic-dispmap-blur_s0.5_t0_delivery_coff.raw,128,72,0.0678711,0.0438232,0.120361,0.000976562,0.000997661,2.3312E-06,0.00595155,12.793,9.77648,0.999447,70,42,0,0
fxspatial/pixels/fxspatial.stress.chain-mosaic-dispmap-blur_s0.5_t0_export_coff.raw,128,72,0.0678711,0.0438232,0.120361,0.000976562,0.000997661,2.3312E-06,0.00595155,12.793,9.77648,0.999447,70,42,0,0
fxspatial/pixels/fxspatial.stress.chain-mosaic-dispmap-blur_s0.5_t0_export_con.raw,128,72,0.0678711,0.0438232,0.120361,0.000976562,0.000997661,2.3312E-06,0.00595155,12.793,9.77648,0.999447,70,42,0,0
fxspatial/pixels/fxspatial.stress.chain-mosaic-dispmap-blur_s0.5_t0_preview_coff.raw,128,72,0.0678711,0.0438232,0.120361,0.000976562,0.000997661,2.3312E-06,0.00595155,12.793,9.77648,0.999447,70,42,0,0
fxspatial/pixels/fxspatial.stress.chain-mosaic-dispmap-blur_s0.5_t0_preview_con.raw,128,72,0.0678711,0.0438232,0.120361,0.000976562,0.000997661,2.3312E-06,0.00595155,12.793,9.77648,0.999447,70,42,0,0
fxspatial/pixels/fxspatial.stress.chain-mosaic-dispmap-blur_s1_t0_delivery_coff.raw,256,144,0.0693359,0.0443115,0.123779,0.000976562,0.00100059,2.5034E-06,0.0059907,12.5353,9.70866,0.999331,141,85,0,0
fxspatial/pixels/fxspatial.stress.chain-mosaic-dispmap-blur_s1_t0_export_coff.raw,256,144,0.0693359,0.0443115,0.123779,0.000976562,0.00100059,2.5034E-06,0.0059907,12.5353,9.70866,0.999331,141,85,0,0
fxspatial/pixels/fxspatial.stress.chain-mosaic-dispmap-blur_s1_t0_export_con.raw,256,144,0.0693359,0.0443115,0.123779,0.000976562,0.00100059,2.5034E-06,0.0059907,12.5353,9.70866,0.999331,141,85,0,0
fxspatial/pixels/fxspatial.stress.chain-mosaic-dispmap-blur_s1_t0_preview_coff.raw,256,144,0.0693359,0.0443115,0.123779,0.000976562,0.00100059,2.5034E-06,0.0059907,12.5353,9.70866,0.999331,141,85,0,0
fxspatial/pixels/fxspatial.stress.chain-mosaic-dispmap-blur_s1_t0_preview_con.raw,256,144,0.0693359,0.0443115,0.123779,0.000976562,0.00100059,2.5034E-06,0.0059907,12.5353,9.70866,0.999331,141,85,0,0
fxspatial/pixels/fxspatial.stress.chain-mosaic-dispmap-blur_s2_t0_delivery_coff.raw,512,288,0.0766602,0.0410156,0.114014,0.00146484,0.00104542,6.96378E-06,0.00592077,14.2653,11.0094,0.999613,281,183,0,0
fxspatial/pixels/fxspatial.stress.chain-mosaic-dispmap-blur_s2_t0_export_coff.raw,512,288,0.0766602,0.0410156,0.114014,0.00146484,0.00104542,6.96378E-06,0.00592077,14.2653,11.0094,0.999613,281,183,0,0
fxspatial/pixels/fxspatial.stress.chain-mosaic-dispmap-blur_s2_t0_export_con.raw,512,288,0.0766602,0.0410156,0.114014,0.00146484,0.00104542,6.96378E-06,0.00592077,14.2653,11.0094,0.999613,281,183,0,0
fxspatial/pixels/fxspatial.stress.chain-mosaic-dispmap-blur_s2_t0_preview_coff.raw,512,288,0.0766602,0.0410156,0.114014,0.00146484,0.00104542,6.96378E-06,0.00592077,14.2653,11.0094,0.999613,281,183,0,0
fxspatial/pixels/fxspatial.stress.chain-mosaic-dispmap-blur_s2_t0_preview_con.raw,512,288,0.0766602,0.0410156,0.114014,0.00146484,0.00104542,6.96378E-06,0.00592077,14.2653,11.0094,0.999613,281,183,0,0
scene3d/pixels/scene3d.light.shadow-caster-disabled_s1_t0_delivery_coff.raw,160,90,0.32135,0.32135,0.352783,0,0.000819219,0,0.0164239,0.256944,0.256944,0.974777,70,47,0,0
scene3d/pixels/scene3d.light.shadow-caster-disabled_s1_t0_preview_coff.raw,160,90,0.32135,0.32135,0.352783,0,0.000819219,0,0.0164239,0.256944,0.256944,0.974777,70,47,0,0
scene3d/pixels/scene3d.light.shadow-caster-disabled_s1_t0_preview_con.raw,160,90,0.32135,0.32135,0.352783,0,0.000819219,0,0.0164239,0.256944,0.256944,0.974777,70,47,0,0
